{"type": "FeatureCollection", "features": [{"type": "Feature", "properties": {"shapeID": "96644757B24539393832458", "shapeName": "Province de Kh\u00e9misset \u0625\u0642\u0644\u064a\u0645 \u0627\u0644\u062e\u0645\u064a\u0633\u0627\u062a"}, "geometry": {"type": "Polygon", "coordinates": [[[-6.75406, 33.64487], [-6.71717, 33.75407], [-6.73356, 33.77446], [-6.72111, 33.77569], [-6.72334, 33.80065], [-6.73452, 33.80598], [-6.71997, 33.81814], [-6.73222, 33.82368], [-6.72636, 33.83487], [-6.73548, 33.83687], [-6.75405, 33.8702], [-6.73862, 33.88658], [-6.71273, 33.87368], [-6.6944, 33.87681], [-6.66617, 33.85383], [-6.65402, 33.8575], [-6.64987, 33.84371], [-6.63764, 33.85381], [-6.64018, 33.84162], [-6.59348, 33.82521], [-6.59574, 33.81481], [-6.57489, 33.78906], [-6.54991, 33.79835], [-6.54506, 33.78722], [-6.51957, 33.79441], [-6.51184, 33.81482], [-6.51601, 33.83746], [-6.5079, 33.84298], [-6.49592, 33.8252], [-6.48296, 33.82638], [-6.47357, 33.84166], [-6.4762, 33.86206], [-6.50701, 33.8657], [-6.54076, 33.90538], [-6.5616, 33.90259], [-6.52976, 33.93405], [-6.53331, 33.95728], [-6.57266, 33.99767], [-6.56861, 34.019], [-6.60114, 34.0229], [-6.5518, 34.06511], [-6.5574, 34.09756], [-6.53675, 34.12296], [-6.47124, 34.12186], [-6.42095, 34.17993], [-6.42223, 34.16006], [-6.38709, 34.15498], [-6.36238, 34.16977], [-6.34864, 34.15347], [-6.20261, 34.16174], [-6.13695, 34.14156], [-6.05535, 34.09381], [-6.00793, 34.08434], [-5.96263, 34.08968], [-5.96116, 34.10356], [-5.90729, 34.09176], [-5.88311, 34.10319], [-5.85425, 34.06446], [-5.8123, 34.04566], [-5.7987, 34.02423], [-5.8134, 34.0135], [-5.77614, 33.98107], [-5.75258, 33.94623], [-5.76293, 33.92789], [-5.774, 33.92869], [-5.77798, 33.89586], [-5.79911, 33.89318], [-5.80747, 33.87491], [-5.79001, 33.85566], [-5.76747, 33.85078], [-5.75323, 33.83745], [-5.76336, 33.81487], [-5.73407, 33.80451], [-5.71459, 33.78569], [-5.73229, 33.75291], [-5.74171, 33.70628], [-5.78546, 33.66722], [-5.7776, 33.6521], [-5.79177, 33.61088], [-5.80431, 33.60632], [-5.78044, 33.55424], [-5.77972, 33.51494], [-5.82398, 33.49056], [-5.78543, 33.47516], [-5.81622, 33.42698], [-5.80611, 33.39891], [-5.81706, 33.36101], [-5.79437, 33.33617], [-5.77417, 33.33408], [-5.81214, 33.30906], [-5.9107, 33.31397], [-5.9169, 33.31879], [-5.91114, 33.32917], [-5.92381, 33.31775], [-5.9355, 33.33208], [-5.94777, 33.3192], [-5.96332, 33.33203], [-5.97566, 33.3197], [-5.99209, 33.32199], [-5.99484, 33.30692], [-6.06996, 33.3057], [-6.09088, 33.31504], [-6.10294, 33.33665], [-6.12931, 33.34211], [-6.15654, 33.33672], [-6.17777, 33.34803], [-6.20315, 33.3425], [-6.21368, 33.35032], [-6.20807, 33.36641], [-6.21483, 33.36819], [-6.20614, 33.43045], [-6.1973, 33.43909], [-6.21363, 33.44714], [-6.27913, 33.45153], [-6.35277, 33.48261], [-6.36021, 33.48023], [-6.36052, 33.41844], [-6.37336, 33.40933], [-6.37775, 33.38947], [-6.4034, 33.36984], [-6.39186, 33.34743], [-6.41181, 33.32263], [-6.38147, 33.27488], [-6.38381, 33.256], [-6.40704, 33.22674], [-6.46082, 33.21804], [-6.47268, 33.19671], [-6.50969, 33.18734], [-6.52435, 33.15696], [-6.5412, 33.14883], [-6.55993, 33.17524], [-6.59262, 33.19133], [-6.66469, 33.21242], [-6.7798, 33.21515], [-6.80507, 33.23568], [-6.79743, 33.27559], [-6.80902, 33.39708], [-6.79633, 33.42723], [-6.82457, 33.45282], [-6.82758, 33.47866], [-6.78207, 33.50265], [-6.75694, 33.54272], [-6.75406, 33.64487]]]}}, {"type": "Feature", "properties": {"shapeID": "96644757B21316479060137", "shapeName": "Rhamna Province"}, "geometry": {"type": "Polygon", "coordinates": [[[-8.47056, 32.34193], [-8.4387, 32.3477], [-8.43579, 32.35786], [-8.36642, 32.3629], [-8.31517, 32.4186], [-8.13665, 32.49044], [-8.09132, 32.52801], [-8.05541, 32.57267], [-8.07441, 32.67682], [-8.0594, 32.70654], [-8.04744, 32.76801], [-8.03685, 32.79088], [-7.99218, 32.81258], [-7.99101, 32.79608], [-7.96182, 32.78166], [-7.95724, 32.75529], [-7.9309, 32.72609], [-7.9201, 32.72584], [-7.92139, 32.71185], [-7.90936, 32.69162], [-7.89391, 32.69167], [-7.87463, 32.67064], [-7.84527, 32.66078], [-7.77638, 32.6053], [-7.71827, 32.59432], [-7.73094, 32.58764], [-7.71761, 32.58149], [-7.72215, 32.57383], [-7.71276, 32.56773], [-7.72044, 32.55594], [-7.70085, 32.55081], [-7.69707, 32.53002], [-7.68285, 32.53378], [-7.68481, 32.51976], [-7.66683, 32.51444], [-7.67272, 32.49759], [-7.65056, 32.49559], [-7.64136, 32.47795], [-7.6128, 32.46202], [-7.56915, 32.45526], [-7.58065, 32.41584], [-7.69107, 32.30857], [-7.72752, 32.28917], [-7.71807, 32.28206], [-7.74296, 32.24795], [-7.76278, 32.19386], [-7.75643, 32.17125], [-7.6975, 32.11442], [-7.69819, 32.10274], [-7.59288, 31.96391], [-7.54933, 31.8874], [-7.54787, 31.86597], [-7.56076, 31.8577], [-7.54031, 31.83484], [-7.57344, 31.81391], [-7.5521, 31.80975], [-7.53602, 31.78458], [-7.57756, 31.74948], [-7.57928, 31.73094], [-7.59207, 31.72977], [-7.58932, 31.7059], [-7.60649, 31.71116], [-7.61027, 31.70247], [-7.58555, 31.67092], [-7.59336, 31.65506], [-7.58992, 31.63702], [-7.57022, 31.63106], [-7.60685, 31.61912], [-7.63924, 31.66181], [-7.68025, 31.65987], [-7.73605, 31.67034], [-7.7596, 31.68636], [-7.80455, 31.67813], [-7.81674, 31.69191], [-7.90437, 31.6888], [-7.89604, 31.70611], [-7.91184, 31.73461], [-7.93288, 31.72752], [-7.94975, 31.76714], [-7.98338, 31.76092], [-7.98515, 31.74445], [-8.00256, 31.74639], [-8.01129, 31.72613], [-8.02495, 31.73622], [-8.00906, 31.77353], [-8.0091, 31.82808], [-8.03297, 31.87792], [-8.0532, 31.87831], [-8.0379, 31.92114], [-8.05045, 31.96381], [-8.04753, 32.03893], [-8.09394, 32.05463], [-8.20776, 32.0544], [-8.235, 32.07996], [-8.2265, 32.09347], [-8.23902, 32.10334], [-8.23047, 32.11353], [-8.25456, 32.14787], [-8.38991, 32.17549], [-8.41152, 32.23734], [-8.46814, 32.28522], [-8.48064, 32.32864], [-8.47056, 32.34193]]]}}, {"type": "Feature", "properties": {"shapeID": "96644757B64432809888793", "shapeName": "Province de Sidi Slimane \u0625\u0642\u0644\u064a\u0645 \u0633\u064a\u062f\u064a \u0633\u0644\u064a\u0645\u0627\u0646"}, "geometry": {"type": "Polygon", "coordinates": [[[-5.90729, 34.09176], [-5.96116, 34.10356], [-5.96263, 34.08968], [-6.00793, 34.08434], [-6.05535, 34.09381], [-6.13695, 34.14156], [-6.20261, 34.16174], [-6.2786, 34.16268], [-6.28615, 34.17219], [-6.27896, 34.17821], [-6.28274, 34.18584], [-6.24547, 34.28304], [-6.30952, 34.28615], [-6.28718, 34.30398], [-6.26537, 34.29869], [-6.26306, 34.31748], [-6.31315, 34.3225], [-6.31576, 34.35927], [-6.29428, 34.37396], [-6.29276, 34.39643], [-6.25692, 34.44809], [-6.20549, 34.46655], [-6.17642, 34.46088], [-6.16569, 34.43742], [-6.15273, 34.43172], [-6.12596, 34.43804], [-6.1066, 34.41814], [-6.09268, 34.41538], [-6.09741, 34.4089], [-6.08983, 34.39959], [-6.04556, 34.38002], [-6.03122, 34.35611], [-5.99906, 34.36045], [-5.99515, 34.36733], [-5.96849, 34.35849], [-5.9614, 34.36699], [-5.9436, 34.33164], [-5.87548, 34.35482], [-5.86356, 34.34492], [-5.85767, 34.38201], [-5.91452, 34.43853], [-5.90687, 34.43943], [-5.90718, 34.47042], [-5.88543, 34.46901], [-5.87701, 34.48572], [-5.88575, 34.45825], [-5.86306, 34.46202], [-5.85849, 34.46674], [-5.86826, 34.4741], [-5.8388, 34.48892], [-5.82002, 34.47939], [-5.82897, 34.4626], [-5.79359, 34.45901], [-5.81204, 34.44959], [-5.79891, 34.44585], [-5.79792, 34.41823], [-5.76648, 34.4225], [-5.74895, 34.40663], [-5.73554, 34.40867], [-5.74329, 34.40011], [-5.7654, 34.40419], [-5.74381, 34.38724], [-5.72649, 34.39361], [-5.72441, 34.3824], [-5.71639, 34.3816], [-5.71816, 34.38839], [-5.69629, 34.39185], [-5.70396, 34.37723], [-5.6843, 34.36094], [-5.7067, 34.33048], [-5.7298, 34.33259], [-5.73787, 34.34273], [-5.75443, 34.33522], [-5.76035, 34.35407], [-5.78316, 34.35333], [-5.77707, 34.32845], [-5.78895, 34.29657], [-5.79599, 34.30227], [-5.8043, 34.26453], [-5.79074, 34.25516], [-5.79517, 34.19061], [-5.82948, 34.18859], [-5.81439, 34.15775], [-5.856, 34.14266], [-5.87987, 34.12023], [-5.88311, 34.10319], [-5.90729, 34.09176]]]}}, {"type": "Feature", "properties": {"shapeID": "96644757B12662883146655", "shapeName": "Province de Kenitra \u0625\u0642\u0644\u064a\u0645 \u0627\u0644\u0642\u0646\u064a\u0637\u0631\u0629"}, "geometry": {"type": "Polygon", "coordinates": [[[-6.3108, 34.15214], [-6.34864, 34.15347], [-6.36238, 34.16977], [-6.38709, 34.15498], [-6.42223, 34.16006], [-6.42095, 34.17993], [-6.47124, 34.12186], [-6.53675, 34.12296], [-6.5574, 34.09756], [-6.55854, 34.10588], [-6.58513, 34.11341], [-6.57545, 34.12439], [-6.63172, 34.12459], [-6.68356, 34.16161], [-6.70136, 34.1444], [-6.7307, 34.15877], [-6.68944, 34.23121], [-6.67894, 34.26074], [-6.68661, 34.26302], [-6.66589, 34.26156], [-6.64803, 34.27052], [-6.65378, 34.27435], [-6.66947, 34.26563], [-6.67789, 34.26491], [-6.68402, 34.26724], [-6.67549, 34.26525], [-6.49807, 34.51379], [-6.39026, 34.69813], [-6.30361, 34.86804], [-6.29444, 34.87077], [-6.29361, 34.87321], [-6.28254, 34.86661], [-6.28765, 34.84369], [-6.29672, 34.84406], [-6.29483, 34.8498], [-6.29822, 34.8436], [-6.29751, 34.82456], [-6.28881, 34.83131], [-6.29589, 34.8315], [-6.29663, 34.8432], [-6.27318, 34.82798], [-6.25992, 34.83945], [-6.28029, 34.81159], [-6.24903, 34.83759], [-6.25145, 34.85848], [-6.28902, 34.8757], [-6.30162, 34.87095], [-6.2434, 35.00139], [-6.18586, 34.98888], [-6.13852, 34.99703], [-6.12677, 35.01046], [-6.10021, 35.01552], [-6.05799, 34.99816], [-6.06684, 34.99055], [-6.05377, 34.97648], [-6.02638, 34.97648], [-6.007, 34.99184], [-5.91945, 34.94096], [-5.87831, 34.93398], [-5.83322, 34.94364], [-5.78131, 34.92789], [-5.79117, 34.88754], [-5.77447, 34.87411], [-5.791, 34.85067], [-5.79086, 34.83523], [-5.81683, 34.82811], [-5.82914, 34.85192], [-5.85949, 34.84283], [-5.86348, 34.82966], [-5.87369, 34.826], [-5.89999, 34.82932], [-5.88262, 34.79365], [-5.89002, 34.76735], [-5.87224, 34.72516], [-5.87614, 34.6544], [-5.88352, 34.64889], [-5.87356, 34.64317], [-5.8614, 34.65173], [-5.84824, 34.6258], [-5.92246, 34.62248], [-5.93319, 34.64325], [-5.97284, 34.65501], [-6.01768, 34.62996], [-6.01482, 34.60847], [-6.04983, 34.62668], [-6.05662, 34.60229], [-6.08686, 34.59303], [-6.09152, 34.6089], [-6.132, 34.60006], [-6.12754, 34.61571], [-6.13516, 34.61699], [-6.14337, 34.61036], [-6.1446, 34.59142], [-6.16983, 34.5982], [-6.17978, 34.57618], [-6.19307, 34.58504], [-6.19198, 34.56681], [-6.20288, 34.55727], [-6.21279, 34.5722], [-6.22131, 34.57103], [-6.21673, 34.55296], [-6.20226, 34.54817], [-6.20682, 34.54097], [-6.23894, 34.55839], [-6.23468, 34.5428], [-6.25368, 34.5325], [-6.24269, 34.51102], [-6.27524, 34.53158], [-6.2859, 34.52399], [-6.28036, 34.5046], [-6.29575, 34.5103], [-6.29383, 34.52307], [-6.30015, 34.52463], [-6.3069, 34.50378], [-6.32096, 34.49998], [-6.32073, 34.49125], [-6.2761, 34.48988], [-6.25447, 34.47173], [-6.26272, 34.43212], [-6.29276, 34.39643], [-6.29428, 34.37396], [-6.31576, 34.35927], [-6.31315, 34.3225], [-6.26306, 34.31748], [-6.26537, 34.29869], [-6.28718, 34.30398], [-6.30952, 34.28615], [-6.24547, 34.28304], [-6.28274, 34.18584], [-6.27896, 34.17821], [-6.28615, 34.17219], [-6.2786, 34.16268], [-6.3108, 34.15214]]]}}, {"type": "Feature", "properties": {"shapeID": "96644757B53703826618026", "shapeName": "Taroudant Province"}, "geometry": {"type": "Polygon", "coordinates": [[[-9.31138, 30.31343], [-9.27679, 30.32803], [-9.29512, 30.35933], [-9.30351, 30.35891], [-9.31343, 30.38739], [-9.30406, 30.39143], [-9.30233, 30.4116], [-9.31286, 30.47286], [-9.28634, 30.4879], [-9.26664, 30.48672], [-9.28815, 30.54175], [-9.32652, 30.56985], [-9.32701, 30.62284], [-9.31536, 30.63913], [-9.30588, 30.68374], [-9.2485, 30.71537], [-9.2218, 30.71391], [-9.24197, 30.73205], [-9.2465, 30.80236], [-9.16839, 30.82768], [-9.02124, 30.81926], [-8.99688, 30.8254], [-8.98609, 30.89007], [-8.91642, 30.91492], [-8.8262, 30.97493], [-8.7821, 30.9374], [-8.7879, 30.92665], [-8.7612, 30.88869], [-8.76022, 30.83791], [-8.74177, 30.81072], [-8.72537, 30.81941], [-8.72752, 30.85626], [-8.66143, 30.90147], [-8.6465, 30.88845], [-8.60429, 30.8806], [-8.44751, 30.86429], [-8.41411, 30.87222], [-8.38697, 30.86304], [-8.34904, 30.86485], [-8.25028, 30.88956], [-8.22159, 30.91416], [-8.13624, 30.93877], [-8.01456, 30.9089], [-7.96334, 30.93649], [-7.93764, 30.98223], [-7.92711, 31.03193], [-7.91635, 31.03683], [-7.88695, 31.10676], [-7.80968, 31.14535], [-7.82493, 31.16659], [-7.79326, 31.15428], [-7.78347, 31.16258], [-7.76982, 31.1429], [-7.73179, 31.13463], [-7.74401, 31.1272], [-7.75238, 31.10532], [-7.71444, 31.03799], [-7.73369, 30.86102], [-7.70888, 30.85112], [-7.63015, 30.86264], [-7.6686, 30.83807], [-7.6795, 30.81763], [-7.66783, 30.79116], [-7.67066, 30.77275], [-7.70985, 30.74091], [-7.57074, 30.72942], [-7.55684, 30.65109], [-7.56972, 30.64377], [-7.55501, 30.59768], [-7.51579, 30.54326], [-7.54437, 30.52794], [-7.5708, 30.52534], [-7.61146, 30.4813], [-7.68639, 30.4497], [-7.69253, 30.42417], [-7.67929, 30.37855], [-7.62816, 30.40548], [-7.60836, 30.31661], [-7.57958, 30.28161], [-7.57773, 30.26678], [-7.58897, 30.24105], [-7.62885, 30.22727], [-7.62588, 30.2122], [-7.66914, 30.19361], [-7.72432, 30.14592], [-7.75341, 30.08628], [-7.78593, 30.10499], [-7.85698, 30.10481], [-7.96367, 30.1294], [-7.98429, 30.11624], [-7.9934, 30.09713], [-8.01036, 30.01212], [-7.99949, 29.98735], [-8.02407, 29.97938], [-8.04781, 29.94075], [-8.08652, 29.92658], [-8.10725, 29.94703], [-8.14244, 30.01177], [-8.18873, 29.99779], [-8.27099, 30.0056], [-8.31927, 29.99877], [-8.35463, 29.9197], [-8.40265, 29.91345], [-8.42029, 29.92369], [-8.52638, 29.91609], [-8.57063, 29.96053], [-8.68196, 29.97589], [-8.68406, 29.94826], [-8.66949, 29.90121], [-8.67306, 29.88605], [-8.70257, 29.8767], [-8.69817, 29.83771], [-8.61351, 29.83857], [-8.60956, 29.83066], [-8.6604, 29.82173], [-8.70292, 29.79728], [-8.72566, 29.75931], [-8.76875, 29.71747], [-8.83544, 29.72772], [-8.86112, 29.75773], [-8.94747, 29.80435], [-8.9948, 29.81029], [-8.996, 29.83994], [-8.91431, 29.85252], [-8.88947, 29.89152], [-8.94916, 29.95812], [-8.96386, 30.02417], [-8.95881, 30.03818], [-8.88163, 30.095], [-8.93845, 30.12275], [-8.98316, 30.12764], [-8.99729, 30.14991], [-8.99255, 30.17029], [-9.01377, 30.17505], [-9.09006, 30.22073], [-9.12886, 30.2584], [-9.13788, 30.25329], [-9.16337, 30.26611], [-9.19118, 30.25692], [-9.22081, 30.26624], [-9.24818, 30.26138], [-9.33083, 30.31408], [-9.31138, 30.31343]]]}}, {"type": "Feature", "properties": {"shapeID": "96644757B51161748863193", "shapeName": "Sidi Ifni Province"}, "geometry": {"type": "Polygon", "coordinates": [[[-10.32843, 29.23585], [-10.21663, 29.31223], [-10.19123, 29.36187], [-10.20091, 29.35729], [-10.12121, 29.43987], [-10.09964, 29.48068], [-10.07806, 29.50057], [-10.07238, 29.53353], [-10.04802, 29.58636], [-10.00981, 29.63064], [-9.99276, 29.60094], [-9.99941, 29.58756], [-9.98872, 29.57902], [-9.99164, 29.55255], [-10.00263, 29.53717], [-9.9931, 29.50692], [-9.93087, 29.53627], [-9.90272, 29.53732], [-9.88916, 29.55853], [-9.88392, 29.53254], [-9.89293, 29.5052], [-9.91422, 29.48137], [-9.88487, 29.45806], [-9.88066, 29.43713], [-9.87191, 29.43892], [-9.84632, 29.42084], [-9.78315, 29.42839], [-9.73778, 29.46551], [-9.71105, 29.46688], [-9.70736, 29.4473], [-9.65724, 29.43183], [-9.6599, 29.3999], [-9.63844, 29.4026], [-9.63269, 29.426], [-9.64162, 29.45724], [-9.65312, 29.46852], [-9.6393, 29.46583], [-9.62136, 29.44057], [-9.5969, 29.43639], [-9.58626, 29.47787], [-9.5624, 29.48675], [-9.54343, 29.45582], [-9.52686, 29.44864], [-9.52832, 29.43474], [-9.50034, 29.42248], [-9.49047, 29.45971], [-9.4794, 29.44124], [-9.44472, 29.44595], [-9.4255, 29.4319], [-9.42061, 29.45634], [-9.40971, 29.46098], [-9.40653, 29.45148], [-9.39966, 29.46449], [-9.38447, 29.46442], [-9.36713, 29.5014], [-9.32894, 29.50872], [-9.2783, 29.49789], [-9.24731, 29.47615], [-9.15779, 29.38576], [-9.16961, 29.35958], [-9.19868, 29.3311], [-9.21396, 29.32534], [-9.30036, 29.3373], [-9.3437, 29.28479], [-9.37405, 29.26853], [-9.40129, 29.2664], [-9.4626, 29.31798], [-9.52086, 29.31763], [-9.51619, 29.29193], [-9.52658, 29.25196], [-9.61334, 29.22756], [-9.65287, 29.23322], [-9.67133, 29.2483], [-9.69484, 29.29325], [-9.69629, 29.31642], [-9.71603, 29.31485], [-9.73406, 29.29995], [-9.75764, 29.30382], [-9.76879, 29.26424], [-9.80382, 29.23441], [-9.78179, 29.16236], [-9.8308, 29.16609], [-9.8316, 29.11313], [-9.95638, 29.17027], [-9.96472, 29.14955], [-10.02352, 29.13721], [-10.09867, 29.07293], [-10.08798, 29.04619], [-10.15514, 29.02865], [-10.1663, 29.04832], [-10.20506, 29.05509], [-10.19126, 29.07993], [-10.21827, 29.11415], [-10.24132, 29.10635], [-10.2584, 29.1205], [-10.2897, 29.12146], [-10.33777, 29.08959], [-10.35591, 29.11081], [-10.40856, 29.1355], [-10.42024, 29.13185], [-10.32843, 29.23585]]]}}, {"type": "Feature", "properties": {"shapeID": "96644757B26550498921337", "shapeName": "Tata Province"}, "geometry": {"type": "Polygon", "coordinates": [[[-8.6604, 29.82173], [-8.60956, 29.83066], [-8.61351, 29.83857], [-8.69817, 29.83771], [-8.70257, 29.8767], [-8.67306, 29.88605], [-8.66949, 29.90121], [-8.68406, 29.94826], [-8.68196, 29.97589], [-8.57063, 29.96053], [-8.52638, 29.91609], [-8.42029, 29.92369], [-8.40265, 29.91345], [-8.35463, 29.9197], [-8.31927, 29.99877], [-8.27099, 30.0056], [-8.18873, 29.99779], [-8.14244, 30.01177], [-8.10725, 29.94703], [-8.08652, 29.92658], [-8.04781, 29.94075], [-8.02407, 29.97938], [-7.99949, 29.98735], [-8.01036, 30.01212], [-7.9934, 30.09713], [-7.98429, 30.11624], [-7.96367, 30.1294], [-7.85698, 30.10481], [-7.78593, 30.10499], [-7.75341, 30.08628], [-7.72432, 30.14592], [-7.66914, 30.19361], [-7.62588, 30.2122], [-7.59057, 30.20724], [-7.53776, 30.22562], [-7.49045, 30.19791], [-7.47018, 30.21312], [-7.42246, 30.18695], [-7.36929, 30.18931], [-7.33143, 30.12686], [-7.30152, 30.10345], [-7.28815, 30.12201], [-7.29849, 30.1645], [-7.29546, 30.21325], [-7.17069, 30.37025], [-7.1597, 30.37662], [-7.02246, 30.33464], [-6.92455, 30.35519], [-6.89864, 30.34756], [-6.88272, 30.33183], [-6.85616, 30.36104], [-6.85473, 30.43822], [-6.86124, 30.45738], [-6.83251, 30.46033], [-6.81093, 30.42329], [-6.68937, 30.44749], [-6.65734, 30.46162], [-6.63909, 30.43905], [-6.6441, 30.42727], [-6.63823, 30.4155], [-6.61419, 30.41359], [-6.5486, 30.34186], [-6.51222, 30.31591], [-6.51074, 30.29065], [-6.58969, 30.22929], [-6.48831, 30.12834], [-6.50783, 30.0751], [-6.47913, 30.02601], [-6.39797, 30.04657], [-6.35365, 30.03076], [-6.35708, 30.01182], [-6.40049, 29.99948], [-6.43176, 29.97298], [-6.39027, 29.74516], [-6.42494, 29.69917], [-6.40546, 29.64685], [-6.44851, 29.56564], [-6.48742, 29.55158], [-6.54107, 29.51535], [-6.54773, 29.52539], [-6.61874, 29.52975], [-6.63129, 29.51972], [-6.69467, 29.51524], [-6.72097, 29.5057], [-6.75698, 29.46709], [-6.77725, 29.4621], [-6.83375, 29.46808], [-6.85606, 29.48271], [-6.89095, 29.485], [-6.9154, 29.49744], [-6.96478, 29.49442], [-6.9894, 29.50393], [-7.02263, 29.49359], [-7.10781, 29.52256], [-7.14983, 29.52271], [-7.23982, 29.48547], [-7.34068, 29.39613], [-7.39298, 29.37598], [-7.412, 29.38145], [-7.49503, 29.36481], [-7.59976, 29.37636], [-7.62323, 29.36288], [-7.63934, 29.29705], [-7.68429, 29.29778], [-7.78645, 29.25592], [-7.82375, 29.22716], [-7.82494, 29.20934], [-7.87315, 29.20149], [-7.8806, 29.18932], [-7.90425, 29.18688], [-7.92956, 29.17033], [-7.9608, 29.14093], [-7.95774, 29.12356], [-7.97189, 29.12319], [-8.06834, 29.06631], [-8.0777, 29.06754], [-8.12979, 29.03203], [-8.13192, 29.02326], [-8.17211, 29.01536], [-8.19327, 28.99268], [-8.23565, 28.97413], [-8.26293, 28.94821], [-8.27821, 28.94679], [-8.311, 28.91642], [-8.32122, 28.91798], [-8.42602, 28.81806], [-8.50747, 28.77367], [-8.66891, 28.71409], [-8.66887, 28.31106], [-8.88316, 28.54494], [-8.91831, 28.5982], [-8.97053, 28.64498], [-8.97319, 28.68557], [-9.00119, 28.71403], [-9.13443, 28.72682], [-9.17981, 28.77974], [-9.20597, 28.79543], [-9.20209, 28.84285], [-9.1811, 28.85398], [-9.21556, 28.85985], [-9.23773, 28.94072], [-9.22287, 28.95659], [-9.22426, 28.97744], [-9.24928, 28.98577], [-9.23405, 29.02694], [-9.24577, 29.07075], [-9.17582, 29.09066], [-9.20912, 29.05253], [-9.19539, 29.03778], [-9.13839, 29.08215], [-9.16114, 29.10373], [-9.15994, 29.11143], [-9.08559, 29.162], [-9.0958, 29.21843], [-9.12998, 29.25786], [-9.137, 29.31736], [-9.12155, 29.42026], [-8.95652, 29.42371], [-8.88949, 29.44005], [-8.84108, 29.46553], [-8.81534, 29.46464], [-8.77315, 29.39378], [-8.74711, 29.3778], [-8.74511, 29.35567], [-8.6797, 29.42348], [-8.65609, 29.42679], [-8.62287, 29.3981], [-8.59901, 29.41465], [-8.61283, 29.44146], [-8.69858, 29.53727], [-8.70244, 29.558], [-8.69183, 29.58006], [-8.70829, 29.62628], [-8.68962, 29.64179], [-8.67461, 29.75567], [-8.67804, 29.77712], [-8.6958, 29.76688], [-8.69894, 29.79411], [-8.6604, 29.82173]]]}}, {"type": "Feature", "properties": {"shapeID": "96644757B35891480133263", "shapeName": "Province d'Errachidia \u0625\u0642\u0644\u064a\u0645 \u0627\u0644\u0631\u0634\u064a\u062f\u064a\u0629"}, "geometry": {"type": "Polygon", "coordinates": [[[-4.87311, 32.2001], [-4.85922, 32.1953], [-4.82763, 32.16908], [-4.80326, 32.11304], [-4.78103, 32.09197], [-4.73782, 32.05944], [-4.67245, 32.05232], [-4.61048, 32.06811], [-4.51478, 32.07705], [-4.41642, 32.12355], [-4.36964, 32.16443], [-4.30698, 32.17489], [-4.19106, 32.2172], [-4.12717, 32.12097], [-4.05738, 32.10852], [-4.03035, 32.12511], [-4.03293, 32.13776], [-3.93448, 32.17721], [-3.83612, 32.16922], [-3.81217, 32.17779], [-3.79586, 32.18889], [-3.78804, 32.26109], [-3.77295, 32.26373], [-3.75373, 32.26113], [-3.74676, 32.2432], [-3.75382, 32.20219], [-3.67358, 32.19689], [-3.60069, 32.20509], [-3.58301, 32.19833], [-3.64679, 32.13662], [-3.61543, 32.10945], [-3.54222, 32.14263], [-3.51086, 32.14723], [-3.37695, 32.10942], [-3.33347, 32.10606], [-3.2679, 32.1473], [-3.19299, 32.17684], [-3.26207, 32.09237], [-3.26996, 31.97129], [-3.24448, 31.90588], [-3.19333, 31.81254], [-3.18449, 31.81453], [-3.18217, 31.83121], [-3.11273, 31.84014], [-3.15642, 31.79673], [-3.25606, 31.72818], [-3.25177, 31.71362], [-3.66467, 31.63354], [-3.66484, 31.40146], [-3.647, 31.39392], [-3.6609, 31.37796], [-3.67278, 31.38513], [-3.67941, 31.3707], [-3.71161, 31.36201], [-3.72257, 31.34212], [-3.73552, 31.34365], [-3.74931, 31.36099], [-3.75413, 31.33994], [-3.76463, 31.33404], [-3.76265, 31.31062], [-3.78555, 31.29277], [-3.78208, 31.28651], [-3.77466, 31.29168], [-3.76958, 31.27814], [-3.75674, 31.28219], [-3.75879, 31.26343], [-3.7907, 31.23622], [-3.78268, 31.22161], [-3.7723, 31.223], [-3.76671, 31.1844], [-3.75931, 31.18], [-3.7768, 31.14769], [-3.77506, 31.1009], [-3.77243, 31.11983], [-3.76026, 31.12572], [-3.73051, 31.11712], [-3.7237, 31.13526], [-3.73391, 31.14609], [-3.71054, 31.15438], [-3.70801, 31.13676], [-3.70545, 31.13684], [-3.70477, 31.15195], [-3.71387, 31.16571], [-3.70206, 31.17603], [-3.69789, 31.16158], [-3.68093, 31.16521], [-3.67155, 31.15125], [-3.67954, 31.08652], [-3.64386, 31.08196], [-3.66645, 31.09027], [-3.66464, 31.10251], [-3.64474, 31.09329], [-3.63658, 31.09966], [-3.65159, 31.1343], [-3.63865, 31.1417], [-3.63899, 31.16977], [-3.63694, 31.1113], [-3.62964, 31.1064], [-3.61599, 31.11949], [-3.61758, 31.09925], [-3.60532, 31.09548], [-3.60306, 31.07355], [-3.59161, 31.07423], [-3.59218, 31.05834], [-3.57389, 31.04301], [-3.57205, 31.05162], [-3.55918, 31.04928], [-3.56131, 31.06064], [-3.55239, 31.06394], [-3.55494, 31.0403], [-3.54838, 31.03168], [-3.542, 31.0386], [-3.53799, 30.97377], [-3.54865, 30.96346], [-3.54054, 30.95509], [-3.55731, 30.94834], [-3.55253, 30.93867], [-3.55855, 30.94015], [-3.5598, 30.92918], [-3.5753, 30.93396], [-3.57546, 30.92234], [-3.58658, 30.91915], [-3.58287, 30.90797], [-3.59354, 30.89459], [-3.60469, 30.89484], [-3.61572, 30.86577], [-3.63623, 30.87568], [-3.63876, 30.85827], [-3.65845, 30.8514], [-3.65087, 30.83926], [-3.64463, 30.76761], [-3.63545, 30.76448], [-3.62959, 30.74465], [-3.65393, 30.6747], [-3.74278, 30.63963], [-3.8168, 30.59036], [-3.88654, 30.61069], [-3.92001, 30.59912], [-4.14657, 30.5853], [-4.32968, 30.52155], [-4.60748, 30.28262], [-4.93662, 30.14047], [-5.13055, 30.00188], [-5.13844, 30.14002], [-5.13402, 30.20937], [-5.09909, 30.27892], [-5.03642, 30.36333], [-5.11739, 30.42713], [-5.14574, 30.41961], [-5.1667, 30.4253], [-5.216, 30.46393], [-5.18134, 30.48174], [-5.09607, 30.55186], [-4.98818, 30.65455], [-4.83146, 30.75576], [-4.79198, 30.80311], [-4.70136, 30.86836], [-4.70964, 31.06116], [-4.64111, 31.13865], [-4.55692, 31.21237], [-4.55538, 31.25977], [-4.53083, 31.32197], [-4.60207, 31.32343], [-4.61966, 31.30804], [-4.80686, 31.33143], [-4.95131, 31.30958], [-5.12735, 31.24663], [-5.23676, 31.26368], [-5.22731, 31.30577], [-5.18296, 31.38316], [-5.17527, 31.44437], [-5.19605, 31.43218], [-5.18884, 31.45327], [-5.21207, 31.47354], [-5.27562, 31.47341], [-5.31042, 31.48205], [-5.33014, 31.51044], [-5.4514, 31.56371], [-5.46138, 31.61521], [-5.52211, 31.62842], [-5.46343, 31.69537], [-5.35521, 31.75972], [-5.28828, 31.7876], [-5.21722, 31.83921], [-5.19018, 31.87153], [-5.14657, 31.85137], [-5.10392, 31.86069], [-5.10116, 31.87553], [-5.11525, 31.89391], [-5.06779, 31.93206], [-5.05337, 31.95399], [-5.05954, 31.97418], [-5.07406, 31.98544], [-5.11594, 31.9933], [-5.11344, 32.00468], [-5.08504, 32.01106], [-5.06925, 32.02496], [-5.05903, 32.02382], [-5.07105, 32.01441], [-5.06624, 32.01157], [-5.02487, 32.02576], [-5.03638, 32.05487], [-4.98883, 32.07807], [-4.95285, 32.11866], [-4.92606, 32.16639], [-4.87311, 32.2001]]]}}, {"type": "Feature", "properties": {"shapeID": "96644757B48127384361052", "shapeName": "Boujdour Province"}, "geometry": {"type": "Polygon", "coordinates": [[[-14.88247, 24.70313], [-14.88204, 24.77022], [-14.82964, 24.90668], [-14.83255, 24.94426], [-14.81869, 25.04955], [-14.84159, 25.08756], [-14.83678, 25.10078], [-14.84503, 25.12521], [-14.83679, 25.1626], [-14.84508, 25.20575], [-14.8272, 25.24566], [-14.828, 25.29385], [-14.79173, 25.37633], [-14.78704, 25.41809], [-14.7316, 25.4869], [-14.69701, 25.54519], [-14.68542, 25.58185], [-14.68602, 25.61796], [-14.63763, 25.76746], [-14.56879, 25.84627], [-14.49895, 25.98635], [-14.48509, 26.09356], [-14.50058, 26.12341], [-14.4748, 26.1796], [-14.40359, 26.26224], [-14.31733, 26.28207], [-14.25232, 26.33126], [-14.21074, 26.3762], [-14.17982, 26.42633], [-14.07199, 26.43648], [-13.99631, 26.46273], [-13.91575, 26.51759], [-13.71986, 26.61786], [-13.62648, 26.68231], [-13.53945, 26.59943], [-13.46086, 26.55418], [-13.3471, 26.51789], [-13.06686, 26.39833], [-12.98557, 26.31864], [-12.88047, 26.23736], [-12.68576, 26.13784], [-12.63821, 26.07207], [-12.54774, 26.04794], [-12.51674, 26.0617], [-12.48153, 26.03978], [-12.4702, 26.01618], [-12.44459, 25.99394], [-12.00054, 25.99634], [-12.0, 24.38543], [-12.11303, 24.4159], [-12.26426, 24.43854], [-12.53947, 24.38359], [-12.61125, 24.38325], [-12.88662, 24.48162], [-13.12025, 24.52723], [-13.295, 24.51271], [-13.51335, 24.43356], [-13.68897, 24.39051], [-13.81152, 24.42824], [-14.07589, 24.48397], [-14.30482, 24.47311], [-14.50611, 24.41613], [-14.56317, 24.43267], [-14.60934, 24.475], [-14.6217, 24.49873], [-14.66376, 24.52589], [-14.78525, 24.55486], [-14.88649, 24.64254], [-14.90369, 24.68414], [-14.88247, 24.70313]], [[-13.97205, 26.47417], [-13.98139, 26.46948], [-13.98039, 26.46983], [-13.97205, 26.47417]], [[-14.89364, 24.69051], [-14.90065, 24.68628], [-14.89966, 24.68662], [-14.89364, 24.69051]]]}}, {"type": "Feature", "properties": {"shapeID": "96644757B23117375948520", "shapeName": "Province de Safi \u0625\u0642\u0644\u064a\u0645 \u0623\u0633\u0641\u064a"}, "geometry": {"type": "Polygon", "coordinates": [[[-9.34465, 32.03353], [-9.32953, 32.0666], [-9.32231, 32.11295], [-9.26359, 32.17187], [-9.25293, 32.20035], [-9.25306, 32.22781], [-9.26568, 32.25175], [-9.24378, 32.30038], [-9.24982, 32.30508], [-9.25335, 32.31134], [-9.2566, 32.31315], [-9.25301, 32.31154], [-9.24937, 32.30517], [-9.24523, 32.30155], [-9.25308, 32.31971], [-9.28075, 32.32993], [-9.29054, 32.36248], [-9.24899, 32.41639], [-9.23163, 32.47483], [-9.26214, 32.50408], [-9.28483, 32.54225], [-9.12593, 32.65831], [-9.05932, 32.72101], [-9.04874, 32.72192], [-8.98019, 32.67414], [-9.0037, 32.65587], [-9.01841, 32.60862], [-9.00688, 32.6099], [-8.99466, 32.58057], [-8.97148, 32.56844], [-8.93127, 32.52975], [-8.93249, 32.52267], [-8.85212, 32.49424], [-8.80302, 32.51199], [-8.7542, 32.50854], [-8.74576, 32.51732], [-8.74368, 32.50478], [-8.71435, 32.52279], [-8.68911, 32.52533], [-8.66309, 32.51321], [-8.62982, 32.47938], [-8.5985, 32.39026], [-8.5767, 32.35099], [-8.54821, 32.33211], [-8.55904, 32.28975], [-8.57131, 32.29519], [-8.58307, 32.28489], [-8.58212, 32.29861], [-8.59406, 32.30194], [-8.60427, 32.28192], [-8.67826, 32.25883], [-8.68817, 32.24619], [-8.71783, 32.25955], [-8.7386, 32.2303], [-8.75168, 32.22527], [-8.76318, 32.231], [-8.76182, 32.21976], [-8.80108, 32.23807], [-8.81583, 32.23455], [-8.8228, 32.17162], [-8.85069, 32.15127], [-8.86975, 32.12009], [-8.8319, 32.08621], [-8.83639, 32.07127], [-8.85223, 32.06593], [-8.84545, 32.05035], [-8.85506, 32.04555], [-8.82983, 32.0142], [-8.83335, 32.00445], [-8.8615, 31.9767], [-8.88648, 31.93366], [-8.92943, 31.92336], [-8.94141, 31.90853], [-8.92446, 31.89758], [-8.9203, 31.88135], [-8.95549, 31.84205], [-8.96296, 31.8088], [-8.98222, 31.78094], [-9.00424, 31.77704], [-9.01096, 31.79237], [-9.00198, 31.79841], [-9.0282, 31.79372], [-9.02665, 31.80961], [-9.04239, 31.82048], [-9.01668, 31.86088], [-9.0299, 31.90813], [-9.10397, 31.90091], [-9.12136, 31.89114], [-9.19062, 31.94016], [-9.21366, 31.92404], [-9.22597, 31.90095], [-9.26245, 31.88903], [-9.30978, 31.88921], [-9.32427, 31.88226], [-9.3367, 31.86191], [-9.37052, 31.87562], [-9.39168, 31.90529], [-9.40801, 31.88576], [-9.41593, 31.8871], [-9.4181, 31.90452], [-9.43717, 31.90237], [-9.46112, 31.92196], [-9.34465, 32.03353]]]}}, {"type": "Feature", "properties": {"shapeID": "96644757B54259280648674", "shapeName": "Province de Youssoufia \u0625\u0642\u0644\u064a\u0645 \u0627\u0644\u064a\u0648\u0633\u0641\u064a\u0629"}, "geometry": {"type": "Polygon", "coordinates": [[[-8.46814, 32.28522], [-8.41152, 32.23734], [-8.38991, 32.17549], [-8.25456, 32.14787], [-8.23047, 32.11353], [-8.23902, 32.10334], [-8.2265, 32.09347], [-8.24544, 32.0719], [-8.23297, 32.05225], [-8.23726, 32.04614], [-8.31204, 32.02243], [-8.37579, 31.92909], [-8.3784, 31.89524], [-8.41068, 31.85446], [-8.42606, 31.80765], [-8.40124, 31.75771], [-8.41111, 31.72631], [-8.4722, 31.72272], [-8.48684, 31.73492], [-8.52274, 31.7286], [-8.53443, 31.71603], [-8.57867, 31.72296], [-8.58632, 31.73282], [-8.61573, 31.72447], [-8.62286, 31.74552], [-8.65876, 31.75424], [-8.70594, 31.74943], [-8.71932, 31.75569], [-8.74802, 31.74078], [-8.77459, 31.74007], [-8.793, 31.75719], [-8.81929, 31.73836], [-8.81905, 31.72151], [-8.8363, 31.74043], [-8.85345, 31.72103], [-8.86334, 31.72589], [-8.86154, 31.73929], [-8.88606, 31.73343], [-8.89824, 31.74803], [-8.91788, 31.73478], [-8.91839, 31.75118], [-8.93067, 31.76655], [-8.94923, 31.75401], [-8.96093, 31.76888], [-8.97154, 31.76861], [-8.98222, 31.78094], [-8.96296, 31.8088], [-8.95549, 31.84205], [-8.9203, 31.88135], [-8.92446, 31.89758], [-8.94141, 31.90853], [-8.92943, 31.92336], [-8.88648, 31.93366], [-8.82983, 32.0142], [-8.85506, 32.04555], [-8.84545, 32.05035], [-8.85223, 32.06593], [-8.83639, 32.07127], [-8.8319, 32.08621], [-8.86975, 32.12009], [-8.85069, 32.15127], [-8.8228, 32.17162], [-8.81583, 32.23455], [-8.80108, 32.23807], [-8.76182, 32.21976], [-8.76318, 32.231], [-8.75168, 32.22527], [-8.7386, 32.2303], [-8.71783, 32.25955], [-8.68817, 32.24619], [-8.67826, 32.25883], [-8.60427, 32.28192], [-8.59406, 32.30194], [-8.58212, 32.29861], [-8.58307, 32.28489], [-8.57131, 32.29519], [-8.55904, 32.28975], [-8.50675, 32.33115], [-8.48064, 32.32864], [-8.46814, 32.28522]]]}}, {"type": "Feature", "properties": {"shapeID": "96644757B42104761334354", "shapeName": "Province de Moulay Yacoub \u0625\u0642\u0644\u064a\u0645 \u0645\u0648\u0644\u0627\u064a \u064a\u0639\u0642\u0648\u0628"}, "geometry": {"type": "Polygon", "coordinates": [[[-5.41821, 34.26784], [-5.40729, 34.27686], [-5.40904, 34.26773], [-5.39798, 34.26218], [-5.38049, 34.2745], [-5.37485, 34.26639], [-5.36119, 34.26752], [-5.35542, 34.25365], [-5.32632, 34.26116], [-5.31524, 34.28174], [-5.30618, 34.26509], [-5.2876, 34.27663], [-5.2883, 34.26655], [-5.28167, 34.26633], [-5.27167, 34.27557], [-5.25526, 34.27516], [-5.24464, 34.28749], [-5.2428, 34.27849], [-5.22567, 34.27997], [-5.22847, 34.30289], [-5.21627, 34.29944], [-5.18831, 34.31866], [-5.18239, 34.31103], [-5.16082, 34.31198], [-5.15449, 34.30233], [-5.14562, 34.30974], [-5.13331, 34.30662], [-5.13426, 34.29843], [-5.10923, 34.28976], [-5.12224, 34.27997], [-5.10439, 34.26679], [-5.09211, 34.27553], [-5.09786, 34.28539], [-5.08786, 34.29427], [-5.07003, 34.29662], [-5.06468, 34.27818], [-5.04875, 34.2864], [-5.05199, 34.30287], [-5.02856, 34.29201], [-5.00993, 34.29447], [-5.01003, 34.28431], [-4.99959, 34.29188], [-4.99235, 34.28585], [-4.95978, 34.29069], [-4.93998, 34.27757], [-4.95739, 34.26125], [-4.95129, 34.25375], [-4.93959, 34.2609], [-4.93577, 34.24667], [-4.92848, 34.24662], [-4.91418, 34.26248], [-4.88792, 34.25419], [-4.90599, 34.24355], [-4.90499, 34.23013], [-4.91188, 34.22785], [-4.88832, 34.21824], [-4.90008, 34.2084], [-4.8919, 34.202], [-4.84194, 34.22754], [-4.83726, 34.23914], [-4.81991, 34.22735], [-4.83553, 34.20517], [-4.8002, 34.19954], [-4.8021, 34.18192], [-4.76387, 34.16554], [-4.76063, 34.11987], [-4.74837, 34.09265], [-4.80158, 34.0533], [-4.79804, 34.03956], [-4.82986, 34.01994], [-4.85673, 34.0357], [-4.91155, 34.04916], [-4.94102, 34.04406], [-4.93951, 34.07449], [-4.94928, 34.06473], [-4.98307, 34.07502], [-5.04444, 34.06493], [-5.07761, 34.02652], [-5.0651, 34.00723], [-5.06942, 33.99394], [-5.05238, 33.97643], [-5.04558, 33.98645], [-5.00415, 33.98397], [-4.995, 33.92306], [-4.98172, 33.90199], [-5.03234, 33.91965], [-5.08459, 33.91283], [-5.13837, 33.91933], [-5.15528, 33.95126], [-5.18819, 33.98027], [-5.18821, 33.99752], [-5.19567, 33.99497], [-5.23315, 34.02965], [-5.23364, 34.04961], [-5.25373, 34.05019], [-5.24052, 34.05991], [-5.24268, 34.07846], [-5.23073, 34.0959], [-5.25558, 34.11056], [-5.2696, 34.10979], [-5.27937, 34.10538], [-5.27681, 34.08026], [-5.33077, 34.06675], [-5.3371, 34.0878], [-5.3518, 34.08935], [-5.35513, 34.09989], [-5.33884, 34.11109], [-5.33562, 34.13491], [-5.35303, 34.17094], [-5.34547, 34.17559], [-5.33852, 34.16853], [-5.33593, 34.18088], [-5.34488, 34.19065], [-5.33823, 34.19037], [-5.35594, 34.21377], [-5.38334, 34.21971], [-5.3845, 34.23167], [-5.39296, 34.22812], [-5.39768, 34.23898], [-5.40937, 34.23741], [-5.40474, 34.24131], [-5.41793, 34.24721], [-5.43175, 34.27233], [-5.41821, 34.26784]]]}}, {"type": "Feature", "properties": {"shapeID": "96644757B25654465299878", "shapeName": "Province de Nador \u0625\u0642\u0644\u064a\u0645 \u0627\u0644\u0646\u0627\u0638\u0648\u0631"}, "geometry": {"type": "Polygon", "coordinates": [[[-3.1652, 35.24589], [-3.13479, 35.28455], [-3.10276, 35.27293], [-3.06769, 35.29448], [-3.00994, 35.38187], [-3.01104, 35.3951], [-3.00295, 35.39731], [-3.01026, 35.40155], [-2.99523, 35.41732], [-2.99454, 35.43557], [-2.96369, 35.43899], [-2.95004, 35.4264], [-2.96448, 35.41201], [-2.95554, 35.4043], [-2.97141, 35.36293], [-2.95635, 35.34674], [-2.96155, 35.33157], [-2.9521, 35.32013], [-2.96712, 35.30273], [-2.96834, 35.28197], [-2.94577, 35.26585], [-2.92664, 35.27373], [-2.923, 35.268], [-2.92066, 35.27871], [-2.91409, 35.27684], [-2.91794, 35.2844], [-2.91364, 35.27688], [-2.92254, 35.26402], [-2.85797, 35.2115], [-2.85802, 35.21008], [-2.86489, 35.20069], [-2.86114, 35.20603], [-2.87303, 35.20799], [-2.92158, 35.2581], [-2.9294, 35.25097], [-2.9241, 35.22508], [-2.89899, 35.21311], [-2.92538, 35.19801], [-2.92446, 35.18485], [-2.90216, 35.14853], [-2.87899, 35.13049], [-2.81092, 35.10233], [-2.755, 35.09823], [-2.74506, 35.11313], [-2.8346, 35.18696], [-2.86205, 35.1992], [-2.8545, 35.21083], [-2.84261, 35.19268], [-2.83988, 35.19737], [-2.76389, 35.13432], [-2.69, 35.10136], [-2.62541, 35.08657], [-2.56462, 35.08126], [-2.52032, 35.08932], [-2.48086, 35.10459], [-2.42371, 35.14832], [-2.34364, 35.12407], [-2.34766, 35.11172], [-2.36816, 35.10659], [-2.36919, 35.09656], [-2.38925, 35.09721], [-2.41104, 35.08189], [-2.3933, 35.0742], [-2.40511, 35.05594], [-2.43334, 35.04647], [-2.42758, 35.0247], [-2.45743, 35.00412], [-2.44589, 34.98701], [-2.47059, 34.95832], [-2.50989, 34.94823], [-2.51106, 34.9416], [-2.54898, 34.95009], [-2.55905, 34.93062], [-2.57838, 34.92353], [-2.59866, 34.92723], [-2.60074, 34.91882], [-2.63153, 34.91338], [-2.64734, 34.8974], [-2.64992, 34.87779], [-2.65742, 34.87729], [-2.65557, 34.88763], [-2.67251, 34.88257], [-2.66636, 34.86091], [-2.69077, 34.86245], [-2.69441, 34.85404], [-2.70213, 34.86271], [-2.71558, 34.83659], [-2.72399, 34.84015], [-2.74241, 34.82994], [-2.76869, 34.80235], [-2.7839, 34.76278], [-2.79647, 34.76197], [-2.79087, 34.75112], [-2.82068, 34.72283], [-2.85886, 34.69637], [-2.93785, 34.66372], [-2.95568, 34.68066], [-3.01296, 34.70676], [-3.18191, 34.76876], [-3.26086, 34.75722], [-3.26758, 34.80507], [-3.22842, 34.81825], [-3.27058, 34.86896], [-3.2575, 34.90875], [-3.25657, 34.95149], [-3.20131, 34.96109], [-3.20567, 34.99034], [-3.2436, 35.00701], [-3.2532, 35.03175], [-3.20848, 35.05826], [-3.22562, 35.07762], [-3.22782, 35.09781], [-3.20082, 35.13433], [-3.19398, 35.17327], [-3.1697, 35.18044], [-3.17579, 35.19714], [-3.16917, 35.20757], [-3.19627, 35.22681], [-3.1652, 35.24589]]]}}, {"type": "Feature", "properties": {"shapeID": "96644757B54306876372793", "shapeName": "Chefchaouen Province"}, "geometry": {"type": "Polygon", "coordinates": [[[-5.46978, 35.25878], [-5.44243, 35.23746], [-5.43871, 35.20638], [-5.34995, 35.22308], [-5.34656, 35.23468], [-5.32506, 35.23269], [-5.32566, 35.23878], [-5.30081, 35.22448], [-5.25264, 35.22485], [-5.22688, 35.25201], [-5.20478, 35.26217], [-5.21445, 35.29821], [-5.20206, 35.29801], [-5.20417, 35.31175], [-5.1902, 35.32765], [-5.18716, 35.35178], [-5.17604, 35.35593], [-5.17363, 35.37328], [-5.14691, 35.37832], [-5.15961, 35.39094], [-5.13853, 35.39524], [-5.12297, 35.40912], [-5.12543, 35.41791], [-5.10476, 35.42361], [-5.10197, 35.43308], [-5.09089, 35.43228], [-5.08888, 35.42326], [-5.08034, 35.43521], [-5.05794, 35.40514], [-5.01628, 35.40341], [-4.92699, 35.3182], [-4.8679, 35.30186], [-4.82961, 35.26635], [-4.78106, 35.23734], [-4.67733, 35.20465], [-4.64872, 35.21396], [-4.61505, 35.18949], [-4.59193, 35.19172], [-4.47466, 35.16978], [-4.46766, 35.16526], [-4.48352, 35.14607], [-4.46762, 35.1365], [-4.49422, 35.08296], [-4.47036, 35.07931], [-4.48993, 35.02998], [-4.56512, 34.96206], [-4.60992, 34.94701], [-4.63739, 34.94673], [-4.65585, 34.95979], [-4.68165, 34.93632], [-4.69215, 34.93639], [-4.68814, 34.91147], [-4.74966, 34.90022], [-4.76941, 34.85465], [-4.79175, 34.86194], [-4.79057, 34.84275], [-4.80696, 34.83496], [-4.86305, 34.8252], [-4.88494, 34.8333], [-4.9778, 34.79028], [-5.0174, 34.79155], [-5.02081, 34.8008], [-5.08004, 34.78241], [-5.08385, 34.77462], [-5.09019, 34.77982], [-5.14494, 34.76529], [-5.16975, 34.78583], [-5.18246, 34.83196], [-5.19598, 34.84723], [-5.1961, 34.87247], [-5.21455, 34.88692], [-5.21164, 34.89332], [-5.35262, 34.99608], [-5.36256, 35.01439], [-5.39622, 35.02676], [-5.42244, 35.02239], [-5.4575, 35.04289], [-5.4937, 35.02432], [-5.49093, 35.03875], [-5.53084, 35.08057], [-5.52466, 35.09069], [-5.53408, 35.10678], [-5.5153, 35.12243], [-5.5359, 35.13251], [-5.54671, 35.20816], [-5.49674, 35.22856], [-5.4905, 35.2501], [-5.46978, 35.25878]]]}}, {"type": "Feature", "properties": {"shapeID": "96644757B91342156363380", "shapeName": "Pr\u00e9fecture de Skhirate-T\u00e9mara \u0639\u0645\u0627\u0644\u0629 \u0627\u0644\u0635\u062e\u064a\u0631\u0627\u062a-\u062a\u0645\u0627\u0631\u0629"}, "geometry": {"type": "Polygon", "coordinates": [[[-6.75405, 33.8702], [-6.73548, 33.83687], [-6.72636, 33.83487], [-6.73222, 33.82368], [-6.71997, 33.81814], [-6.73452, 33.80598], [-6.72334, 33.80065], [-6.72111, 33.77569], [-6.73356, 33.77446], [-6.71717, 33.75407], [-6.75406, 33.64487], [-6.76152, 33.54845], [-6.77355, 33.56228], [-6.79638, 33.56187], [-6.81025, 33.57094], [-6.90795, 33.57192], [-6.92578, 33.58411], [-6.94942, 33.56499], [-6.94628, 33.54569], [-6.95848, 33.54432], [-6.98062, 33.56863], [-6.97243, 33.574], [-6.99221, 33.59102], [-6.992, 33.60978], [-7.00395, 33.61504], [-6.99777, 33.63089], [-7.01888, 33.67863], [-7.02919, 33.68263], [-7.02145, 33.70305], [-7.04343, 33.76986], [-7.06249, 33.78314], [-7.06026, 33.79769], [-7.0994, 33.79526], [-7.12602, 33.83176], [-7.06342, 33.86993], [-7.02931, 33.87742], [-6.91744, 33.96208], [-6.88139, 33.94416], [-6.88209, 33.93732], [-6.82443, 33.89563], [-6.80404, 33.91749], [-6.80683, 33.92865], [-6.7561, 33.94247], [-6.74523, 33.9226], [-6.74829, 33.9104], [-6.76594, 33.90155], [-6.7479, 33.88071], [-6.75405, 33.8702]]]}}, {"type": "Feature", "properties": {"shapeID": "96644757B9799798831472", "shapeName": "Settat Province"}, "geometry": {"type": "Polygon", "coordinates": [[[-7.6128, 32.46202], [-7.64136, 32.47795], [-7.65056, 32.49559], [-7.67272, 32.49759], [-7.66683, 32.51444], [-7.68481, 32.51976], [-7.68285, 32.53378], [-7.69707, 32.53002], [-7.70085, 32.55081], [-7.72044, 32.55594], [-7.71276, 32.56773], [-7.72215, 32.57383], [-7.71761, 32.58149], [-7.73094, 32.58764], [-7.71827, 32.59432], [-7.77638, 32.6053], [-7.84527, 32.66078], [-7.87463, 32.67064], [-7.89391, 32.69167], [-7.90936, 32.69162], [-7.92139, 32.71185], [-7.9201, 32.72584], [-7.9309, 32.72609], [-7.95724, 32.75529], [-7.96182, 32.78166], [-7.99101, 32.79608], [-7.98982, 32.80948], [-8.00541, 32.81878], [-7.9919, 32.83575], [-8.01393, 32.83559], [-7.99047, 32.85145], [-8.01715, 32.85474], [-8.00803, 32.86902], [-8.03664, 32.84568], [-8.05613, 32.8426], [-8.05835, 32.85058], [-8.03729, 32.85577], [-8.04816, 32.86292], [-8.04148, 32.87798], [-8.05794, 32.87885], [-8.05096, 32.89189], [-8.06204, 32.90677], [-8.04886, 32.90672], [-8.03931, 32.91755], [-8.07935, 32.93735], [-8.05352, 32.9397], [-8.05768, 32.96067], [-8.07633, 32.97406], [-8.05855, 32.97444], [-8.06247, 32.99394], [-8.05635, 33.00103], [-8.06523, 33.01027], [-8.04523, 33.01065], [-8.06117, 33.02299], [-8.00948, 33.02496], [-7.91925, 33.00823], [-7.90878, 33.02353], [-7.8911, 33.01766], [-7.86544, 33.02846], [-7.8457, 33.05903], [-7.7893, 33.02248], [-7.72725, 33.02327], [-7.74655, 33.03275], [-7.74601, 33.05188], [-7.70502, 33.07536], [-7.71421, 33.09708], [-7.69138, 33.10297], [-7.73017, 33.12742], [-7.7283, 33.15966], [-7.7373, 33.16852], [-7.69847, 33.15352], [-7.67721, 33.16371], [-7.66648, 33.15423], [-7.62176, 33.14934], [-7.56424, 33.16189], [-7.5737, 33.13982], [-7.56413, 33.1239], [-7.55962, 33.11955], [-7.5419, 33.13229], [-7.53102, 33.10042], [-7.51216, 33.10858], [-7.47783, 33.06803], [-7.44852, 33.09694], [-7.43577, 33.09464], [-7.44624, 33.11987], [-7.43517, 33.11369], [-7.4174, 33.12699], [-7.39643, 33.11679], [-7.38753, 33.12555], [-7.34857, 33.12835], [-7.30511, 33.14734], [-7.30213, 33.15214], [-7.32247, 33.16551], [-7.31232, 33.17615], [-7.3211, 33.18074], [-7.3078, 33.19331], [-7.31552, 33.21234], [-7.28479, 33.22598], [-7.26104, 33.21724], [-7.22352, 33.2202], [-7.21404, 33.20008], [-7.17863, 33.19493], [-7.13424, 33.19638], [-7.09061, 33.21464], [-7.04033, 33.21469], [-6.96238, 33.23167], [-6.84129, 33.22435], [-6.86913, 33.20167], [-6.89254, 33.14149], [-6.89516, 33.10575], [-6.91379, 33.10164], [-6.9031, 33.07673], [-6.93219, 33.05697], [-6.92255, 33.04871], [-6.94442, 33.00891], [-6.94286, 32.99175], [-6.96881, 32.95262], [-7.00255, 32.95612], [-7.00826, 32.94743], [-6.99872, 32.93837], [-7.00605, 32.92232], [-6.99987, 32.8478], [-7.02892, 32.78859], [-7.03441, 32.77013], [-7.02241, 32.77042], [-7.04575, 32.73358], [-7.05592, 32.69871], [-6.98649, 32.63569], [-6.99629, 32.56049], [-7.01512, 32.55661], [-6.99469, 32.52023], [-6.99221, 32.49946], [-7.04068, 32.37365], [-7.10553, 32.35298], [-7.13304, 32.31927], [-7.14449, 32.33555], [-7.15404, 32.3277], [-7.1773, 32.33582], [-7.19016, 32.33027], [-7.19665, 32.3466], [-7.22136, 32.36738], [-7.25678, 32.37363], [-7.25908, 32.38942], [-7.28288, 32.40242], [-7.30566, 32.39692], [-7.31879, 32.41153], [-7.33765, 32.40579], [-7.34252, 32.42567], [-7.37726, 32.46448], [-7.41431, 32.44646], [-7.46628, 32.45784], [-7.46937, 32.44087], [-7.48154, 32.44224], [-7.48895, 32.46728], [-7.50178, 32.46834], [-7.50199, 32.45434], [-7.52066, 32.44734], [-7.54574, 32.44568], [-7.6128, 32.46202]]]}}, {"type": "Feature", "properties": {"shapeID": "96644757B99021473747258", "shapeName": "Chtouka-Ait Baha Province"}, "geometry": {"type": "Polygon", "coordinates": [[[-9.24818, 30.26138], [-9.22081, 30.26624], [-9.19118, 30.25692], [-9.16337, 30.26611], [-9.13788, 30.25329], [-9.12886, 30.2584], [-9.09006, 30.22073], [-9.01377, 30.17505], [-8.99255, 30.17029], [-8.99729, 30.14991], [-8.98316, 30.12764], [-8.93845, 30.12275], [-8.88163, 30.095], [-8.95881, 30.03818], [-8.96386, 30.02417], [-8.94916, 29.95812], [-8.88947, 29.89152], [-8.90638, 29.85971], [-8.93484, 29.84662], [-8.996, 29.83994], [-8.9948, 29.81029], [-9.03916, 29.7974], [-9.09372, 29.75047], [-9.10125, 29.729], [-9.09426, 29.69705], [-9.10541, 29.69849], [-9.10702, 29.68705], [-9.13427, 29.70137], [-9.16638, 29.69873], [-9.16899, 29.71559], [-9.15891, 29.7211], [-9.1921, 29.72519], [-9.21436, 29.74241], [-9.19427, 29.74362], [-9.2075, 29.76001], [-9.23933, 29.75816], [-9.24424, 29.74307], [-9.25318, 29.74214], [-9.26983, 29.7674], [-9.24731, 29.78393], [-9.2633, 29.80538], [-9.35241, 29.80955], [-9.34514, 29.81559], [-9.35039, 29.83235], [-9.37935, 29.84095], [-9.41915, 29.82338], [-9.43184, 29.863], [-9.4487, 29.86721], [-9.45872, 29.85787], [-9.49423, 29.89069], [-9.5442, 29.8949], [-9.5448, 29.92936], [-9.60171, 29.92795], [-9.60737, 29.89655], [-9.76728, 29.90751], [-9.69649, 30.05055], [-9.66699, 30.08844], [-9.64248, 30.16901], [-9.64342, 30.19994], [-9.62009, 30.29494], [-9.53081, 30.27893], [-9.50459, 30.28171], [-9.4676, 30.26144], [-9.43781, 30.28805], [-9.43761, 30.30372], [-9.457, 30.31777], [-9.4489, 30.32883], [-9.41116, 30.31354], [-9.36533, 30.31239], [-9.36216, 30.32383], [-9.33083, 30.31408], [-9.24818, 30.26138]]]}}, {"type": "Feature", "properties": {"shapeID": "96644757B89687162507810", "shapeName": "Pr\u00e9fecture de M'diq-Fnideq \u0639\u0645\u0627\u0644\u0629 \u0627\u0644\u0645\u0636\u064a\u0642 \u0627\u0644\u0641\u0646\u064a\u062f\u0642"}, "geometry": {"type": "Polygon", "coordinates": [[[-5.40141, 35.92243], [-5.39441, 35.90954], [-5.37985, 35.91066], [-5.37169, 35.88177], [-5.34335, 35.87088], [-5.35364, 35.84175], [-5.33801, 35.71924], [-5.31886, 35.683], [-5.27329, 35.68646], [-5.28428, 35.66598], [-5.26636, 35.60705], [-5.29651, 35.6055], [-5.30516, 35.59634], [-5.3178, 35.60652], [-5.33476, 35.60545], [-5.31932, 35.65496], [-5.32137, 35.67238], [-5.36554, 35.67891], [-5.37, 35.66894], [-5.43234, 35.66096], [-5.44235, 35.66961], [-5.45536, 35.69666], [-5.45059, 35.74053], [-5.45832, 35.78524], [-5.45021, 35.79224], [-5.40485, 35.79369], [-5.37711, 35.84382], [-5.39943, 35.85996], [-5.40349, 35.89077], [-5.41938, 35.89739], [-5.42227, 35.90958], [-5.40141, 35.92243]]]}}, {"type": "Feature", "properties": {"shapeID": "96644757B85287588144355", "shapeName": "Province de Taza \u0627\u0642\u0644\u064a\u0645 \u062a\u0627\u0632\u0629"}, "geometry": {"type": "Polygon", "coordinates": [[[-4.09938, 34.76415], [-4.03444, 34.8261], [-3.93586, 34.83922], [-3.91948, 34.85165], [-3.82946, 34.86818], [-3.82012, 34.88753], [-3.75977, 34.88137], [-3.76358, 34.86181], [-3.75221, 34.84299], [-3.62683, 34.8483], [-3.60463, 34.84369], [-3.593, 34.83035], [-3.59295, 34.78905], [-3.61975, 34.74102], [-3.59144, 34.70134], [-3.63434, 34.67379], [-3.64243, 34.65853], [-3.64096, 34.63323], [-3.69313, 34.62449], [-3.72346, 34.63999], [-3.74303, 34.62014], [-3.77162, 34.62233], [-3.75818, 34.59068], [-3.76917, 34.57496], [-3.74578, 34.54669], [-3.79561, 34.47515], [-3.84352, 34.45604], [-3.85088, 34.44606], [-3.84118, 34.4404], [-3.85577, 34.41137], [-3.83449, 34.41307], [-3.84591, 34.40459], [-3.83843, 34.39395], [-3.85955, 34.37114], [-3.84024, 34.36859], [-3.84371, 34.34312], [-3.83416, 34.33805], [-3.86249, 34.307], [-3.91718, 34.30133], [-3.90838, 34.26027], [-3.88871, 34.25959], [-3.88315, 34.25005], [-3.8889, 34.24111], [-3.878, 34.23139], [-3.89566, 34.22518], [-3.81552, 34.20989], [-3.83818, 34.12721], [-3.83036, 34.11763], [-3.83766, 34.0725], [-3.85294, 34.02955], [-3.82487, 34.00778], [-3.8924, 33.97294], [-3.91139, 33.91694], [-3.90178, 33.89244], [-3.9059, 33.87469], [-3.9277, 33.83168], [-3.97585, 33.78208], [-3.96606, 33.78065], [-3.95936, 33.73448], [-4.1034, 33.68239], [-4.12074, 33.68799], [-4.1521, 33.72742], [-4.15518, 33.76283], [-4.19292, 33.83542], [-4.21896, 33.85578], [-4.2178, 33.87265], [-4.17322, 33.90304], [-4.17647, 33.9129], [-4.19266, 33.91982], [-4.25205, 33.90538], [-4.31685, 33.86443], [-4.36307, 33.89093], [-4.3877, 33.89394], [-4.38813, 33.88454], [-4.41168, 33.88602], [-4.41851, 33.89809], [-4.44474, 33.90854], [-4.47891, 33.89357], [-4.52888, 33.92507], [-4.58307, 33.94628], [-4.55667, 33.9901], [-4.56695, 34.01715], [-4.55847, 34.04811], [-4.56911, 34.07122], [-4.58061, 34.07008], [-4.59241, 34.10368], [-4.57366, 34.1042], [-4.55355, 34.11978], [-4.53154, 34.11863], [-4.53217, 34.13896], [-4.51036, 34.13225], [-4.47804, 34.15212], [-4.47052, 34.1402], [-4.46388, 34.15254], [-4.4415, 34.14523], [-4.4475, 34.15785], [-4.442, 34.1615], [-4.41349, 34.15267], [-4.39788, 34.17052], [-4.40117, 34.18588], [-4.31335, 34.23882], [-4.35263, 34.27475], [-4.39299, 34.27758], [-4.40217, 34.29289], [-4.43105, 34.30216], [-4.46556, 34.29178], [-4.45971, 34.33018], [-4.43579, 34.343], [-4.45701, 34.42575], [-4.44405, 34.46777], [-4.42643, 34.47255], [-4.38687, 34.50975], [-4.38922, 34.5266], [-4.34219, 34.53427], [-4.32717, 34.54652], [-4.32552, 34.56671], [-4.34131, 34.60923], [-4.28409, 34.60719], [-4.27307, 34.61367], [-4.23928, 34.60474], [-4.18716, 34.62673], [-4.13636, 34.60871], [-4.08171, 34.61684], [-4.10889, 34.65089], [-4.1155, 34.67], [-4.11059, 34.69026], [-4.1448, 34.72851], [-4.1434, 34.74404], [-4.09938, 34.76415]]]}}, {"type": "Feature", "properties": {"shapeID": "96644757B93440982531475", "shapeName": "Province d'Ouezzane \u0625\u0642\u0644\u064a\u0645 \u0648\u0632\u0627\u0646"}, "geometry": {"type": "Polygon", "coordinates": [[[-5.791, 34.85067], [-5.77447, 34.87411], [-5.79117, 34.88754], [-5.78131, 34.92789], [-5.77571, 34.92459], [-5.76985, 34.93558], [-5.75599, 34.9247], [-5.73205, 34.92815], [-5.70467, 34.94194], [-5.67883, 34.98527], [-5.636, 34.99329], [-5.64132, 35.01199], [-5.63231, 35.03736], [-5.61592, 35.01241], [-5.6059, 35.01464], [-5.603, 35.02552], [-5.57865, 35.02054], [-5.57372, 35.01559], [-5.58256, 35.00093], [-5.56565, 34.99654], [-5.56415, 35.00701], [-5.55373, 35.00939], [-5.53325, 34.98929], [-5.50078, 35.00591], [-5.50012, 35.01988], [-5.4575, 35.04289], [-5.42244, 35.02239], [-5.37635, 35.02383], [-5.35262, 34.99608], [-5.21164, 34.89332], [-5.21455, 34.88692], [-5.1961, 34.87247], [-5.19598, 34.84723], [-5.18246, 34.83196], [-5.16975, 34.78583], [-5.14494, 34.76529], [-5.18109, 34.73905], [-5.18523, 34.72], [-5.18076, 34.69257], [-5.18867, 34.66967], [-5.18064, 34.61428], [-5.19621, 34.59734], [-5.18145, 34.59035], [-5.19771, 34.55843], [-5.25861, 34.55604], [-5.26711, 34.54215], [-5.25619, 34.53251], [-5.28082, 34.51478], [-5.31515, 34.5159], [-5.38939, 34.53714], [-5.38699, 34.52268], [-5.39485, 34.52191], [-5.43055, 34.54039], [-5.43441, 34.56061], [-5.41274, 34.58665], [-5.42204, 34.60828], [-5.44482, 34.62362], [-5.48926, 34.63127], [-5.50574, 34.64458], [-5.5284, 34.63861], [-5.54084, 34.66812], [-5.55209, 34.66788], [-5.55183, 34.69364], [-5.57582, 34.69329], [-5.59009, 34.7216], [-5.60348, 34.71659], [-5.60475, 34.72264], [-5.63429, 34.72604], [-5.62929, 34.73626], [-5.64423, 34.74006], [-5.66663, 34.73435], [-5.6825, 34.71269], [-5.71458, 34.70475], [-5.71058, 34.71864], [-5.71934, 34.72706], [-5.77623, 34.73484], [-5.79486, 34.75075], [-5.78155, 34.77786], [-5.791, 34.85067]]]}}, {"type": "Feature", "properties": {"shapeID": "96644757B56432502406176", "shapeName": "Fahs-Anjra Province"}, "geometry": {"type": "Polygon", "coordinates": [[[-5.41938, 35.89739], [-5.40349, 35.89077], [-5.39943, 35.85996], [-5.37711, 35.84382], [-5.40485, 35.79369], [-5.45021, 35.79224], [-5.45832, 35.78524], [-5.45059, 35.74053], [-5.45536, 35.69666], [-5.49522, 35.67644], [-5.50321, 35.65925], [-5.49653, 35.64947], [-5.50029, 35.62298], [-5.55027, 35.64562], [-5.56967, 35.64443], [-5.56812, 35.62716], [-5.57538, 35.62248], [-5.65964, 35.58938], [-5.71464, 35.61424], [-5.72882, 35.70073], [-5.75444, 35.70018], [-5.76799, 35.71875], [-5.76641, 35.73413], [-5.74623, 35.75548], [-5.73635, 35.82061], [-5.68976, 35.83828], [-5.6551, 35.82774], [-5.62783, 35.83545], [-5.58895, 35.83292], [-5.54229, 35.85278], [-5.54764, 35.86055], [-5.53925, 35.87453], [-5.54637, 35.86117], [-5.54098, 35.85577], [-5.5202, 35.87408], [-5.52612, 35.8804], [-5.52227, 35.88419], [-5.51818, 35.87694], [-5.51911, 35.88201], [-5.50816, 35.88391], [-5.50378, 35.89443], [-5.49422, 35.90034], [-5.50024, 35.88747], [-5.48312, 35.90837], [-5.45796, 35.91463], [-5.44366, 35.9041], [-5.42227, 35.90958], [-5.41938, 35.89739]]]}}, {"type": "Feature", "properties": {"shapeID": "96644757B99920267922653", "shapeName": "Al Hoceima Province"}, "geometry": {"type": "Polygon", "coordinates": [[[-4.79175, 34.86194], [-4.76941, 34.85465], [-4.74966, 34.90022], [-4.68814, 34.91147], [-4.69215, 34.93639], [-4.68165, 34.93632], [-4.65585, 34.95979], [-4.63739, 34.94673], [-4.58149, 34.9533], [-4.51447, 35.00163], [-4.4762, 35.05781], [-4.47036, 35.07931], [-4.49422, 35.08296], [-4.46762, 35.1365], [-4.48352, 35.14607], [-4.46766, 35.16526], [-4.35556, 35.1473], [-4.30012, 35.16733], [-4.28752, 35.18131], [-4.24897, 35.18839], [-4.21886, 35.18383], [-4.18979, 35.19827], [-4.11608, 35.20426], [-4.04533, 35.23661], [-3.98112, 35.23599], [-3.92942, 35.26197], [-3.91438, 35.25424], [-3.92624, 35.24281], [-3.90688, 35.21379], [-3.85533, 35.19793], [-3.82389, 35.19936], [-3.80269, 35.1745], [-3.81257, 35.15988], [-3.80607, 35.15109], [-3.81495, 35.09827], [-3.80943, 35.05859], [-3.8175, 35.02438], [-3.80617, 34.9849], [-3.82591, 34.93428], [-3.81948, 34.92961], [-3.82924, 34.91919], [-3.82012, 34.88753], [-3.82946, 34.86818], [-3.91948, 34.85165], [-3.93586, 34.83922], [-4.03444, 34.8261], [-4.09938, 34.76415], [-4.1434, 34.74404], [-4.1548, 34.75791], [-4.17059, 34.75138], [-4.21177, 34.76723], [-4.24805, 34.80668], [-4.30443, 34.76181], [-4.29364, 34.7515], [-4.31503, 34.72272], [-4.38082, 34.70567], [-4.41615, 34.7108], [-4.43409, 34.66802], [-4.50568, 34.70114], [-4.5408, 34.70172], [-4.57299, 34.6827], [-4.58855, 34.71512], [-4.62782, 34.72373], [-4.72386, 34.71904], [-4.77842, 34.75027], [-4.78746, 34.77279], [-4.79175, 34.86194]]]}}, {"type": "Feature", "properties": {"shapeID": "96644757B34372354169334", "shapeName": "Province de Benslimane \u0625\u0642\u0644\u064a\u0645 \u0628\u0646 \u0633\u0644\u064a\u0645\u0627\u0646"}, "geometry": {"type": "Polygon", "coordinates": [[[-6.75694, 33.54272], [-6.78207, 33.50265], [-6.82758, 33.47866], [-6.82457, 33.45282], [-6.79633, 33.42723], [-6.80902, 33.39708], [-6.79871, 33.24949], [-6.80507, 33.23568], [-6.84129, 33.22435], [-6.96238, 33.23167], [-7.04033, 33.21469], [-7.09061, 33.21464], [-7.13424, 33.19638], [-7.21404, 33.20008], [-7.22606, 33.21513], [-7.21449, 33.2819], [-7.22826, 33.29094], [-7.25051, 33.28834], [-7.26811, 33.3117], [-7.28493, 33.34232], [-7.29767, 33.403], [-7.31561, 33.39182], [-7.35374, 33.40661], [-7.34316, 33.41649], [-7.33709, 33.44689], [-7.3534, 33.4679], [-7.37777, 33.48131], [-7.38014, 33.50995], [-7.36629, 33.4999], [-7.33216, 33.50275], [-7.3488, 33.50683], [-7.33091, 33.52705], [-7.34218, 33.54017], [-7.34088, 33.56956], [-7.28923, 33.60977], [-7.27617, 33.65637], [-7.29915, 33.66965], [-7.31584, 33.6939], [-7.32975, 33.69787], [-7.3453, 33.72597], [-7.29786, 33.75256], [-7.27189, 33.77729], [-7.22933, 33.79678], [-7.22804, 33.80412], [-7.19016, 33.80461], [-7.16919, 33.82092], [-7.15311, 33.81941], [-7.14727, 33.82825], [-7.14494, 33.82734], [-7.14699, 33.81985], [-7.14508, 33.81949], [-7.14255, 33.82162], [-7.145, 33.82223], [-7.1454, 33.82518], [-7.14424, 33.82659], [-7.12602, 33.83176], [-7.0994, 33.79526], [-7.06026, 33.79769], [-7.06249, 33.78314], [-7.04343, 33.76986], [-7.02145, 33.70305], [-7.02919, 33.68263], [-7.01888, 33.67863], [-6.99777, 33.63089], [-7.00395, 33.61504], [-6.992, 33.60978], [-6.99221, 33.59102], [-6.97243, 33.574], [-6.98062, 33.56863], [-6.95848, 33.54432], [-6.94628, 33.54569], [-6.94942, 33.56499], [-6.92578, 33.58411], [-6.90795, 33.57192], [-6.81025, 33.57094], [-6.79638, 33.56187], [-6.77355, 33.56228], [-6.75694, 33.54272]]]}}, {"type": "Feature", "properties": {"shapeID": "96644757B75888110493475", "shapeName": "Tarfaya Province"}, "geometry": {"type": "Polygon", "coordinates": [[[-13.19711, 27.62247], [-13.16413, 27.69248], [-13.05146, 27.7505], [-13.02852, 27.79316], [-13.00962, 27.80652], [-12.97869, 27.89445], [-12.95529, 27.92373], [-12.9378, 27.93004], [-12.93555, 27.94523], [-12.91599, 27.95388], [-12.55909, 27.99639], [-12.52001, 28.00744], [-12.08254, 28.08678], [-11.93733, 28.1561], [-11.78647, 28.21119], [-11.77216, 28.18136], [-11.71157, 28.12348], [-11.69904, 28.05877], [-11.58505, 27.86588], [-11.55143, 27.83624], [-11.48541, 27.80705], [-11.59087, 27.79776], [-11.76301, 27.70299], [-11.87047, 27.58529], [-12.0332, 27.45247], [-12.06925, 27.39809], [-12.11492, 27.29314], [-12.12756, 27.23153], [-12.12238, 27.20435], [-12.13698, 27.15075], [-12.19002, 27.06335], [-12.25834, 26.90701], [-12.29962, 26.8617], [-12.50107, 27.04239], [-12.67496, 27.13898], [-12.70723, 27.16998], [-12.71874, 27.21564], [-12.71496, 27.30063], [-12.64938, 27.40864], [-12.6856, 27.38686], [-12.85606, 27.32626], [-13.01356, 27.2988], [-13.12085, 27.36598], [-13.24552, 27.47232], [-13.19711, 27.62247]], [[-12.54072, 28.00075], [-12.54358, 28.00011], [-12.54192, 28.0004], [-12.54072, 28.00075]]]}}, {"type": "Feature", "properties": {"shapeID": "96644757B25874170222857", "shapeName": "Province de Figuig \u0625\u0642\u0644\u064a\u0645 \u0627\u0644\u0646\u0627\u0638\u0648\u0631"}, "geometry": {"type": "Polygon", "coordinates": [[[-3.25606, 31.72818], [-3.15642, 31.79673], [-3.11273, 31.84014], [-3.18217, 31.83121], [-3.18449, 31.81453], [-3.19333, 31.81254], [-3.24448, 31.90588], [-3.26996, 31.97129], [-3.26207, 32.09237], [-3.19299, 32.17684], [-3.2679, 32.1473], [-3.33347, 32.10606], [-3.37695, 32.10942], [-3.51086, 32.14723], [-3.54222, 32.14263], [-3.61543, 32.10945], [-3.64679, 32.13662], [-3.58301, 32.19833], [-3.60069, 32.20509], [-3.67358, 32.19689], [-3.75382, 32.20219], [-3.74676, 32.2432], [-3.75373, 32.26113], [-3.81341, 32.25665], [-3.81043, 32.31591], [-3.821, 32.34537], [-3.85485, 32.40252], [-3.91602, 32.45019], [-3.93261, 32.47903], [-3.93953, 32.50745], [-3.92072, 32.53419], [-4.00295, 32.57946], [-4.01816, 32.60844], [-4.01593, 32.64076], [-3.86818, 32.82388], [-3.79887, 32.89575], [-3.72741, 32.94771], [-3.68275, 33.02694], [-3.60351, 33.09453], [-3.57562, 33.10844], [-3.43584, 33.05657], [-3.34091, 33.05967], [-3.02867, 33.1138], [-2.9785, 33.13258], [-2.90695, 33.17701], [-2.899, 33.19964], [-2.93543, 33.2557], [-2.9992, 33.31764], [-3.04644, 33.348], [-3.00575, 33.37593], [-2.93993, 33.46113], [-2.88912, 33.49687], [-2.85509, 33.53906], [-2.83983, 33.59858], [-2.79859, 33.66193], [-2.77468, 33.68153], [-2.62771, 33.69448], [-2.56797, 33.67758], [-2.32124, 33.63998], [-2.29508, 33.67275], [-2.21357, 33.69323], [-2.12471, 33.68857], [-2.05214, 33.65882], [-1.8478, 33.63842], [-1.78285, 33.63941], [-1.64618, 33.66971], [-1.63134, 33.63142], [-1.59471, 33.60549], [-1.60124, 33.57586], [-1.59302, 33.56486], [-1.60336, 33.5564], [-1.58816, 33.52906], [-1.60618, 33.49822], [-1.62177, 33.48771], [-1.62127, 33.44818], [-1.62793, 33.43179], [-1.64602, 33.42301], [-1.66355, 33.37812], [-1.65854, 33.30144], [-1.67027, 33.28408], [-1.62893, 33.22352], [-1.60022, 33.20484], [-1.57605, 33.14889], [-1.5346, 33.10753], [-1.47547, 33.07653], [-1.46176, 33.04222], [-1.47673, 33.0217], [-1.47229, 33.00366], [-1.48593, 32.97535], [-1.54378, 32.95776], [-1.39899, 32.76266], [-1.37668, 32.7446], [-1.27112, 32.69594], [-1.12314, 32.59472], [-1.01009, 32.53239], [-0.99901, 32.5169], [-1.00066, 32.50586], [-1.01626, 32.50479], [-1.06814, 32.45021], [-1.1224, 32.41475], [-1.15504, 32.41784], [-1.20582, 32.39492], [-1.22121, 32.34426], [-1.24814, 32.32473], [-1.23508, 32.30989], [-1.24816, 32.25069], [-1.24112, 32.20571], [-1.29908, 32.16598], [-1.28775, 32.15854], [-1.22838, 32.17468], [-1.19191, 32.16878], [-1.15288, 32.12813], [-1.15236, 32.11107], [-1.18291, 32.10337], [-1.2038, 32.08456], [-1.22969, 32.07637], [-1.26135, 32.0778], [-1.27261, 32.0868], [-1.3382, 32.08319], [-1.35725, 32.09121], [-1.37898, 32.08388], [-1.50478, 32.10387], [-1.58031, 32.09224], [-1.64061, 32.11007], [-1.74886, 32.12108], [-1.82996, 32.14637], [-1.86838, 32.14408], [-1.9034, 32.16436], [-1.92075, 32.16236], [-1.92678, 32.15105], [-1.96858, 32.15732], [-2.01492, 32.18218], [-2.15023, 32.1442], [-2.19033, 32.14311], [-2.27761, 32.16861], [-2.2871, 32.1527], [-2.29993, 32.1513], [-2.31432, 32.15832], [-2.40649, 32.15768], [-2.53634, 32.14632], [-2.60003, 32.11291], [-2.87343, 32.11136], [-2.9156, 32.07506], [-2.93056, 32.02839], [-2.8852, 31.96612], [-2.88365, 31.93486], [-2.84232, 31.88362], [-2.83707, 31.85643], [-2.84415, 31.83207], [-2.82488, 31.81954], [-2.8207, 31.79364], [-3.25177, 31.71362], [-3.25606, 31.72818]]]}}, {"type": "Feature", "properties": {"shapeID": "96644757B9718685225615", "shapeName": "Province de Sidi Kacem \u0625\u0642\u0644\u064a\u0645 \u0633\u064a\u062f\u064a \u0642\u0627\u0633\u0645"}, "geometry": {"type": "Polygon", "coordinates": [[[-5.79074, 34.25516], [-5.8043, 34.26453], [-5.79599, 34.30227], [-5.78895, 34.29657], [-5.77707, 34.32845], [-5.78316, 34.35333], [-5.76035, 34.35407], [-5.75443, 34.33522], [-5.73787, 34.34273], [-5.7298, 34.33259], [-5.7067, 34.33048], [-5.6843, 34.36094], [-5.70396, 34.37723], [-5.69629, 34.39185], [-5.71816, 34.38839], [-5.71639, 34.3816], [-5.72441, 34.3824], [-5.72649, 34.39361], [-5.74381, 34.38724], [-5.7654, 34.40419], [-5.74329, 34.40011], [-5.73554, 34.40867], [-5.74895, 34.40663], [-5.76648, 34.4225], [-5.79792, 34.41823], [-5.79891, 34.44585], [-5.81204, 34.44959], [-5.79359, 34.45901], [-5.82897, 34.4626], [-5.82002, 34.47939], [-5.8274, 34.48477], [-5.84488, 34.48714], [-5.86826, 34.4741], [-5.85849, 34.46674], [-5.86306, 34.46202], [-5.88166, 34.4568], [-5.87701, 34.48572], [-5.88543, 34.46901], [-5.90718, 34.47042], [-5.90687, 34.43943], [-5.91452, 34.43853], [-5.85767, 34.38201], [-5.86356, 34.34492], [-5.87548, 34.35482], [-5.9436, 34.33164], [-5.9614, 34.36699], [-5.96849, 34.35849], [-5.99515, 34.36733], [-5.99906, 34.36045], [-6.03122, 34.35611], [-6.04556, 34.38002], [-6.08983, 34.39959], [-6.09741, 34.4089], [-6.09268, 34.41538], [-6.1066, 34.41814], [-6.12596, 34.43804], [-6.15273, 34.43172], [-6.16569, 34.43742], [-6.17642, 34.46088], [-6.20549, 34.46655], [-6.25692, 34.44809], [-6.25447, 34.47173], [-6.26123, 34.47903], [-6.2761, 34.48988], [-6.32073, 34.49125], [-6.32255, 34.49701], [-6.3069, 34.50378], [-6.30015, 34.52463], [-6.29383, 34.52307], [-6.29575, 34.5103], [-6.28036, 34.5046], [-6.2859, 34.52399], [-6.27524, 34.53158], [-6.24269, 34.51102], [-6.25368, 34.5325], [-6.23468, 34.5428], [-6.23894, 34.55839], [-6.20682, 34.54097], [-6.20226, 34.54817], [-6.21673, 34.55296], [-6.22131, 34.57103], [-6.21279, 34.5722], [-6.20288, 34.55727], [-6.19198, 34.56681], [-6.19307, 34.58504], [-6.17978, 34.57618], [-6.16983, 34.5982], [-6.1446, 34.59142], [-6.14337, 34.61036], [-6.13516, 34.61699], [-6.12754, 34.61571], [-6.132, 34.60006], [-6.09152, 34.6089], [-6.08686, 34.59303], [-6.05662, 34.60229], [-6.04983, 34.62668], [-6.01482, 34.60847], [-6.01768, 34.62996], [-5.97284, 34.65501], [-5.93319, 34.64325], [-5.92246, 34.62248], [-5.84824, 34.6258], [-5.8614, 34.65173], [-5.87356, 34.64317], [-5.88352, 34.64889], [-5.87614, 34.6544], [-5.87224, 34.72516], [-5.89002, 34.76735], [-5.88262, 34.79365], [-5.89999, 34.82932], [-5.87369, 34.826], [-5.86348, 34.82966], [-5.85949, 34.84283], [-5.82914, 34.85192], [-5.81683, 34.82811], [-5.79086, 34.83523], [-5.78415, 34.82496], [-5.78799, 34.79365], [-5.78155, 34.77786], [-5.79486, 34.75075], [-5.77623, 34.73484], [-5.71934, 34.72706], [-5.71058, 34.71864], [-5.71458, 34.70475], [-5.6825, 34.71269], [-5.66663, 34.73435], [-5.64423, 34.74006], [-5.62929, 34.73626], [-5.63429, 34.72604], [-5.60475, 34.72264], [-5.60348, 34.71659], [-5.59009, 34.7216], [-5.57582, 34.69329], [-5.55183, 34.69364], [-5.55209, 34.66788], [-5.54084, 34.66812], [-5.5284, 34.63861], [-5.50574, 34.64458], [-5.48926, 34.63127], [-5.44482, 34.62362], [-5.42204, 34.60828], [-5.41274, 34.58665], [-5.43527, 34.55828], [-5.42773, 34.53673], [-5.39485, 34.52191], [-5.38699, 34.52268], [-5.38939, 34.53714], [-5.31515, 34.5159], [-5.34253, 34.48845], [-5.33524, 34.48052], [-5.34554, 34.4686], [-5.34365, 34.45572], [-5.36073, 34.44075], [-5.37961, 34.44001], [-5.39388, 34.41352], [-5.45562, 34.39421], [-5.49565, 34.37086], [-5.52887, 34.37546], [-5.53275, 34.3623], [-5.51874, 34.3646], [-5.49309, 34.34414], [-5.50444, 34.33313], [-5.50031, 34.31856], [-5.48766, 34.31334], [-5.48236, 34.32588], [-5.47189, 34.3136], [-5.46285, 34.31911], [-5.44305, 34.30084], [-5.44606, 34.29327], [-5.42255, 34.25674], [-5.4362, 34.2335], [-5.45091, 34.23472], [-5.47371, 34.21206], [-5.4641, 34.19134], [-5.44311, 34.18454], [-5.46416, 34.1651], [-5.469, 34.14743], [-5.53148, 34.15988], [-5.54213, 34.1292], [-5.58198, 34.10783], [-5.59449, 34.1074], [-5.61126, 34.12277], [-5.70455, 34.12094], [-5.70133, 34.17396], [-5.74404, 34.15924], [-5.75098, 34.16708], [-5.76797, 34.16289], [-5.79338, 34.21103], [-5.79074, 34.25516]]]}}, {"type": "Feature", "properties": {"shapeID": "96644757B92138134403299", "shapeName": "M\u00e9diouna Province"}, "geometry": {"type": "Polygon", "coordinates": [[[-7.37297, 33.47284], [-7.3534, 33.4679], [-7.45717, 33.45116], [-7.48747, 33.42591], [-7.52351, 33.41077], [-7.55393, 33.42508], [-7.56321, 33.44223], [-7.59572, 33.4558], [-7.58662, 33.46282], [-7.59936, 33.47312], [-7.54295, 33.50212], [-7.55816, 33.52039], [-7.53437, 33.53243], [-7.54321, 33.55137], [-7.51493, 33.56843], [-7.48405, 33.5652], [-7.47811, 33.58078], [-7.45276, 33.55667], [-7.41679, 33.56172], [-7.37883, 33.52375], [-7.38501, 33.51775], [-7.37297, 33.47284]]]}}, {"type": "Feature", "properties": {"shapeID": "96644757B53695376753874", "shapeName": "Pr\u00e9fecture d'Oujda-Angad \u0639\u0645\u0627\u0644\u0629 \u0648\u062c\u062f\u0629 - \u0623\u0646\u062c\u0627\u062f"}, "geometry": {"type": "Polygon", "coordinates": [[[-2.32576, 34.59768], [-2.26096, 34.59952], [-2.23046, 34.61285], [-2.25701, 34.64218], [-2.28155, 34.70423], [-2.27529, 34.7591], [-2.25452, 34.78745], [-2.26962, 34.80859], [-2.29246, 34.81282], [-2.27363, 34.82625], [-2.23581, 34.88403], [-2.15001, 34.8365], [-2.1211, 34.85349], [-2.11113, 34.89546], [-2.0565, 34.9073], [-2.06985, 34.91852], [-2.05637, 34.93605], [-2.03643, 34.92449], [-1.97339, 34.93578], [-1.97272, 34.87879], [-1.89352, 34.84161], [-1.88858, 34.80623], [-1.85922, 34.80226], [-1.73927, 34.74367], [-1.77122, 34.72461], [-1.77522, 34.69896], [-1.85383, 34.61623], [-1.82298, 34.60969], [-1.79726, 34.57761], [-1.84699, 34.57118], [-1.8851, 34.54566], [-1.94192, 34.55669], [-1.95578, 34.5671], [-1.97025, 34.55627], [-2.02552, 34.54397], [-2.01178, 34.51124], [-2.05367, 34.5178], [-2.05289, 34.4835], [-2.08826, 34.46107], [-2.13444, 34.44889], [-2.19341, 34.4482], [-2.20172, 34.43997], [-2.20156, 34.42164], [-2.25821, 34.42957], [-2.2843, 34.41017], [-2.31632, 34.41229], [-2.31584, 34.40452], [-2.33494, 34.40054], [-2.35151, 34.43842], [-2.33566, 34.45924], [-2.33597, 34.50656], [-2.30717, 34.54165], [-2.32705, 34.5709], [-2.32576, 34.59768]]]}}, {"type": "Feature", "properties": {"shapeID": "96644757B15248572972708", "shapeName": "Province de Khouribga \u0625\u0642\u0644\u064a\u0645 \u062e\u0631\u064a\u0628\u0643\u0629"}, "geometry": {"type": "Polygon", "coordinates": [[[-6.7798, 33.21515], [-6.66469, 33.21242], [-6.59262, 33.19133], [-6.55993, 33.17524], [-6.5412, 33.14883], [-6.52435, 33.15696], [-6.50969, 33.18734], [-6.47268, 33.19671], [-6.46082, 33.21804], [-6.41764, 33.22278], [-6.42708, 33.21206], [-6.42322, 33.19659], [-6.39764, 33.1703], [-6.38125, 33.15937], [-6.31792, 33.14856], [-6.31683, 33.13453], [-6.28684, 33.11647], [-6.27442, 33.11232], [-6.27091, 33.11888], [-6.23234, 33.07934], [-6.18593, 33.04991], [-6.1696, 33.02574], [-6.09944, 32.98899], [-6.11926, 32.9485], [-6.14917, 32.96253], [-6.17869, 32.91166], [-6.15698, 32.87122], [-6.08605, 32.91244], [-6.06344, 32.89125], [-6.0674, 32.81804], [-6.05161, 32.81533], [-6.04937, 32.76039], [-6.06629, 32.73596], [-6.10435, 32.72166], [-6.20324, 32.69378], [-6.2862, 32.68922], [-6.32039, 32.66501], [-6.32157, 32.67272], [-6.40766, 32.68915], [-6.48101, 32.69044], [-6.55294, 32.70874], [-6.62106, 32.71471], [-6.62843, 32.71248], [-6.61428, 32.68656], [-6.65614, 32.68275], [-6.6488, 32.6602], [-6.67543, 32.65526], [-6.67337, 32.6684], [-6.72434, 32.66598], [-6.76967, 32.6763], [-6.79816, 32.6651], [-6.84504, 32.66254], [-6.84995, 32.67611], [-6.87736, 32.63426], [-6.93663, 32.61867], [-6.97744, 32.62685], [-7.05592, 32.69871], [-7.04575, 32.73358], [-7.02241, 32.77042], [-7.03441, 32.77013], [-7.02892, 32.78859], [-6.99987, 32.8478], [-7.00605, 32.92232], [-6.99872, 32.93837], [-7.00826, 32.94743], [-7.00255, 32.95612], [-6.96881, 32.95262], [-6.94286, 32.99175], [-6.94442, 33.00891], [-6.92255, 33.04871], [-6.93219, 33.05697], [-6.9031, 33.07673], [-6.91379, 33.10164], [-6.89516, 33.10575], [-6.89254, 33.14149], [-6.86913, 33.20167], [-6.84129, 33.22435], [-6.80507, 33.23568], [-6.7798, 33.21515]]]}}, {"type": "Feature", "properties": {"shapeID": "96644757B8060198419886", "shapeName": "Province de Tan-Tan \u0625\u0642\u0644\u064a\u0645 \u0637\u0627\u0646\u0637\u0627\u0646"}, "geometry": {"type": "Polygon", "coordinates": [[[-11.55143, 27.83624], [-11.58505, 27.86588], [-11.69904, 28.05877], [-11.71157, 28.12348], [-11.77216, 28.18136], [-11.78193, 28.20961], [-11.53653, 28.29602], [-11.46422, 28.3372], [-11.44251, 28.37681], [-11.40681, 28.40521], [-11.38185, 28.44654], [-11.35368, 28.4668], [-11.3483, 28.47842], [-11.35861, 28.47375], [-11.35762, 28.48365], [-11.23978, 28.57984], [-11.21254, 28.61474], [-11.12459, 28.68184], [-11.08268, 28.61176], [-11.07522, 28.57099], [-11.05654, 28.55683], [-11.00491, 28.53211], [-10.96726, 28.54398], [-10.95111, 28.53942], [-10.95435, 28.52843], [-10.91459, 28.51383], [-10.83976, 28.44892], [-10.54034, 28.38278], [-10.4507, 28.29805], [-10.42346, 28.26762], [-10.37751, 28.16831], [-10.323, 27.98568], [-10.29812, 27.93732], [-10.2416, 27.885], [-10.21233, 27.79906], [-10.27583, 27.81394], [-10.30536, 27.8125], [-10.71872, 27.76785], [-10.78635, 27.78641], [-10.87063, 27.77394], [-10.90154, 27.75753], [-11.18975, 27.73838], [-11.22821, 27.75844], [-11.3609, 27.7961], [-11.48541, 27.80705], [-11.55143, 27.83624]]]}}, {"type": "Feature", "properties": {"shapeID": "96644757B52167870329218", "shapeName": "Tiznit Province"}, "geometry": {"type": "Polygon", "coordinates": [[[-8.94747, 29.80435], [-8.86112, 29.75773], [-8.83544, 29.72772], [-8.78881, 29.7192], [-8.76875, 29.71747], [-8.69894, 29.79411], [-8.6958, 29.76688], [-8.67804, 29.77712], [-8.68962, 29.64179], [-8.70829, 29.62628], [-8.69183, 29.58006], [-8.70244, 29.558], [-8.69858, 29.53727], [-8.61283, 29.44146], [-8.59901, 29.41465], [-8.62287, 29.3981], [-8.65609, 29.42679], [-8.6797, 29.42348], [-8.74511, 29.35567], [-8.74711, 29.3778], [-8.77315, 29.39378], [-8.81534, 29.46464], [-8.84108, 29.46553], [-8.88949, 29.44005], [-8.95652, 29.42371], [-9.12155, 29.42026], [-9.137, 29.31736], [-9.12998, 29.25786], [-9.13957, 29.26719], [-9.16961, 29.35958], [-9.15779, 29.38576], [-9.20611, 29.43212], [-9.21744, 29.4535], [-9.2783, 29.49789], [-9.32894, 29.50872], [-9.36713, 29.5014], [-9.38447, 29.46442], [-9.39966, 29.46449], [-9.40653, 29.45148], [-9.40971, 29.46098], [-9.42061, 29.45634], [-9.4255, 29.4319], [-9.44472, 29.44595], [-9.4794, 29.44124], [-9.49047, 29.45971], [-9.50034, 29.42248], [-9.52832, 29.43474], [-9.52686, 29.44864], [-9.54343, 29.45582], [-9.5624, 29.48675], [-9.58626, 29.47787], [-9.5969, 29.43639], [-9.62136, 29.44057], [-9.6393, 29.46583], [-9.65312, 29.46852], [-9.64162, 29.45724], [-9.63269, 29.426], [-9.63844, 29.4026], [-9.6599, 29.3999], [-9.65724, 29.43183], [-9.70736, 29.4473], [-9.71105, 29.46688], [-9.73778, 29.46551], [-9.74444, 29.45373], [-9.77294, 29.44349], [-9.79362, 29.42525], [-9.84632, 29.42084], [-9.87191, 29.43892], [-9.88066, 29.43713], [-9.88487, 29.45806], [-9.91422, 29.48137], [-9.89293, 29.5052], [-9.88392, 29.53254], [-9.88916, 29.55853], [-9.90272, 29.53732], [-9.93087, 29.53627], [-9.9931, 29.50692], [-9.99962, 29.52179], [-10.00263, 29.53717], [-9.99164, 29.55255], [-9.98872, 29.57902], [-9.99941, 29.58756], [-9.99276, 29.60094], [-10.00891, 29.637], [-9.96109, 29.69903], [-9.83059, 29.809], [-9.76728, 29.90751], [-9.60737, 29.89655], [-9.60171, 29.92795], [-9.5448, 29.92936], [-9.5442, 29.8949], [-9.49423, 29.89069], [-9.45872, 29.85787], [-9.4487, 29.86721], [-9.43184, 29.863], [-9.41915, 29.82338], [-9.37935, 29.84095], [-9.35039, 29.83235], [-9.34514, 29.81559], [-9.35241, 29.80955], [-9.2633, 29.80538], [-9.24731, 29.78393], [-9.26983, 29.7674], [-9.25318, 29.74214], [-9.24424, 29.74307], [-9.23933, 29.75816], [-9.2075, 29.76001], [-9.19427, 29.74362], [-9.21436, 29.74241], [-9.1921, 29.72519], [-9.15891, 29.7211], [-9.16899, 29.71559], [-9.16638, 29.69873], [-9.13427, 29.70137], [-9.10702, 29.68705], [-9.10541, 29.69849], [-9.09426, 29.69705], [-9.10125, 29.729], [-9.09372, 29.75047], [-9.03916, 29.7974], [-8.9948, 29.81029], [-8.94747, 29.80435]]]}}, {"type": "Feature", "properties": {"shapeID": "96644757B46616002618727", "shapeName": "Chichaoua Province"}, "geometry": {"type": "Polygon", "coordinates": [[[-8.72752, 30.85626], [-8.72537, 30.81941], [-8.74177, 30.81072], [-8.76022, 30.83791], [-8.7612, 30.88869], [-8.7879, 30.92665], [-8.7821, 30.9374], [-8.8262, 30.97493], [-8.91642, 30.91492], [-8.98609, 30.89007], [-8.99688, 30.8254], [-9.02124, 30.81926], [-9.13287, 30.82789], [-9.15159, 30.82189], [-9.16839, 30.82768], [-9.16521, 30.92975], [-9.10427, 30.91653], [-9.21474, 31.03514], [-9.23486, 31.04224], [-9.25377, 31.03145], [-9.3129, 31.06185], [-9.32134, 31.08618], [-9.32081, 31.12911], [-9.26302, 31.13185], [-9.29121, 31.15137], [-9.2754, 31.1753], [-9.28391, 31.2035], [-9.26425, 31.21345], [-9.26373, 31.24463], [-9.27514, 31.25413], [-9.2779, 31.29018], [-9.29766, 31.32271], [-9.28431, 31.34641], [-9.21044, 31.35717], [-9.21583, 31.36949], [-9.19638, 31.37288], [-9.18684, 31.35915], [-9.15283, 31.36541], [-9.14646, 31.42512], [-9.18407, 31.48603], [-9.17177, 31.52604], [-9.13193, 31.60047], [-9.07731, 31.65128], [-9.07983, 31.66024], [-9.02044, 31.67053], [-9.00117, 31.66326], [-8.97643, 31.67669], [-8.97248, 31.71797], [-8.98222, 31.78094], [-8.94923, 31.75401], [-8.93067, 31.76655], [-8.91839, 31.75118], [-8.91788, 31.73478], [-8.89481, 31.74817], [-8.89603, 31.73813], [-8.88606, 31.73343], [-8.86154, 31.73929], [-8.86334, 31.72589], [-8.85345, 31.72103], [-8.8363, 31.74043], [-8.81905, 31.72151], [-8.81929, 31.73836], [-8.793, 31.75719], [-8.77459, 31.74007], [-8.74802, 31.74078], [-8.71932, 31.75569], [-8.70594, 31.74943], [-8.65876, 31.75424], [-8.62286, 31.74552], [-8.61573, 31.72447], [-8.58632, 31.73282], [-8.57867, 31.72296], [-8.53443, 31.71603], [-8.52274, 31.7286], [-8.49441, 31.73428], [-8.4722, 31.72272], [-8.43856, 31.72008], [-8.43012, 31.72987], [-8.40895, 31.73011], [-8.36643, 31.6845], [-8.40403, 31.65287], [-8.42605, 31.64746], [-8.4242, 31.63168], [-8.40261, 31.62868], [-8.40287, 31.61187], [-8.3822, 31.60316], [-8.3859, 31.57181], [-8.41396, 31.5624], [-8.41216, 31.5323], [-8.36415, 31.52886], [-8.30512, 31.49343], [-8.28862, 31.4734], [-8.28282, 31.43544], [-8.26502, 31.40987], [-8.26182, 31.36328], [-8.29037, 31.3559], [-8.32259, 31.33422], [-8.33434, 31.31571], [-8.36647, 31.31154], [-8.3866, 31.32497], [-8.41664, 31.31558], [-8.43948, 31.33643], [-8.43278, 31.31225], [-8.41733, 31.30726], [-8.40763, 31.28579], [-8.40643, 31.24734], [-8.42394, 31.20316], [-8.44901, 31.17915], [-8.41947, 31.16613], [-8.42866, 31.13001], [-8.41106, 31.09034], [-8.42428, 31.06842], [-8.42278, 31.04603], [-8.44635, 31.00584], [-8.4534, 30.96677], [-8.4688, 30.95442], [-8.63466, 30.95351], [-8.60551, 30.94141], [-8.5993, 30.93375], [-8.60362, 30.92157], [-8.65279, 30.9122], [-8.72752, 30.85626]]]}}, {"type": "Feature", "properties": {"shapeID": "96644757B30309850889145", "shapeName": "Province de Sidi Bennour \u0625\u0642\u0644\u064a\u0645 \u0633\u064a\u062f\u064a \u0628\u0646\u0648\u0631"}, "geometry": {"type": "Polygon", "coordinates": [[[-8.0594, 32.70654], [-8.07441, 32.67682], [-8.05541, 32.57267], [-8.11776, 32.50209], [-8.31517, 32.4186], [-8.36642, 32.3629], [-8.43579, 32.35786], [-8.4387, 32.3477], [-8.47056, 32.34193], [-8.48064, 32.32864], [-8.50675, 32.33115], [-8.51707, 32.31669], [-8.53302, 32.31648], [-8.54262, 32.29663], [-8.55706, 32.2973], [-8.54821, 32.33211], [-8.5767, 32.35099], [-8.5985, 32.39026], [-8.62982, 32.47938], [-8.66309, 32.51321], [-8.68911, 32.52533], [-8.71435, 32.52279], [-8.74368, 32.50478], [-8.74576, 32.51732], [-8.7542, 32.50854], [-8.80302, 32.51199], [-8.85212, 32.49424], [-8.93249, 32.52267], [-8.93127, 32.52975], [-8.97148, 32.56844], [-8.99466, 32.58057], [-9.00688, 32.6099], [-9.01841, 32.60862], [-9.0037, 32.65587], [-8.98019, 32.67414], [-9.04874, 32.72192], [-9.05932, 32.72101], [-8.95044, 32.80605], [-8.93364, 32.7955], [-8.91459, 32.74105], [-8.88591, 32.69261], [-8.8273, 32.71917], [-8.80531, 32.74429], [-8.73654, 32.7005], [-8.71302, 32.72542], [-8.72289, 32.72968], [-8.69856, 32.7554], [-8.66114, 32.72746], [-8.6483, 32.7426], [-8.59646, 32.74672], [-8.54848, 32.79157], [-8.52913, 32.78291], [-8.49797, 32.79871], [-8.46904, 32.79381], [-8.43141, 32.82061], [-8.41437, 32.85526], [-8.40128, 32.8518], [-8.39056, 32.86007], [-8.39828, 32.86607], [-8.39218, 32.87123], [-8.38712, 32.8674], [-8.37394, 32.88052], [-8.36034, 32.8749], [-8.34708, 32.88607], [-8.30089, 32.87345], [-8.28699, 32.84916], [-8.25432, 32.86694], [-8.23434, 32.84898], [-8.22649, 32.81455], [-8.20048, 32.80838], [-8.16516, 32.81054], [-8.1649, 32.81754], [-8.13935, 32.81032], [-8.12907, 32.80596], [-8.11306, 32.7758], [-8.08609, 32.7879], [-8.04257, 32.77854], [-8.0594, 32.70654]]]}}, {"type": "Feature", "properties": {"shapeID": "96644757B36466177595872", "shapeName": "Guelmim Province"}, "geometry": {"type": "Polygon", "coordinates": [[[-10.40856, 29.1355], [-10.35591, 29.11081], [-10.33777, 29.08959], [-10.2897, 29.12146], [-10.2584, 29.1205], [-10.24132, 29.10635], [-10.21827, 29.11415], [-10.19126, 29.07993], [-10.20506, 29.05509], [-10.1663, 29.04832], [-10.15514, 29.02865], [-10.08798, 29.04619], [-10.09867, 29.07293], [-10.02352, 29.13721], [-9.96472, 29.14955], [-9.95638, 29.17027], [-9.8316, 29.11313], [-9.8308, 29.16609], [-9.78179, 29.16236], [-9.80382, 29.23441], [-9.76879, 29.26424], [-9.75764, 29.30382], [-9.73406, 29.29995], [-9.71603, 29.31485], [-9.69629, 29.31642], [-9.69484, 29.29325], [-9.67133, 29.2483], [-9.65287, 29.23322], [-9.61334, 29.22756], [-9.52658, 29.25196], [-9.51619, 29.29193], [-9.52086, 29.31763], [-9.4626, 29.31798], [-9.40129, 29.2664], [-9.37405, 29.26853], [-9.3437, 29.28479], [-9.30036, 29.3373], [-9.21396, 29.32534], [-9.16961, 29.35958], [-9.13957, 29.26719], [-9.11125, 29.24385], [-9.0958, 29.21843], [-9.08559, 29.162], [-9.15994, 29.11143], [-9.16114, 29.10373], [-9.13839, 29.08215], [-9.19539, 29.03778], [-9.20912, 29.05253], [-9.17582, 29.09066], [-9.24577, 29.07075], [-9.23405, 29.02694], [-9.24928, 28.98577], [-9.22426, 28.97744], [-9.22287, 28.95659], [-9.23773, 28.94072], [-9.22648, 28.89544], [-9.21556, 28.85985], [-9.1811, 28.85398], [-9.20209, 28.84285], [-9.20597, 28.79543], [-9.17981, 28.77974], [-9.13443, 28.72682], [-9.00119, 28.71403], [-8.97319, 28.68557], [-8.97053, 28.64498], [-8.99501, 28.64396], [-9.17118, 28.69369], [-9.26918, 28.77887], [-9.32628, 28.81384], [-9.37269, 28.75645], [-9.42788, 28.73237], [-9.62916, 28.68216], [-9.76752, 28.60593], [-9.956, 28.52542], [-10.07058, 28.50751], [-10.20999, 28.4622], [-10.42671, 28.45836], [-10.44972, 28.49887], [-10.4777, 28.59046], [-10.50456, 28.6136], [-10.70865, 28.52476], [-10.71895, 28.46952], [-10.74061, 28.42293], [-10.80478, 28.44546], [-10.83976, 28.44892], [-10.91459, 28.51383], [-10.95435, 28.52843], [-10.95111, 28.53942], [-10.96726, 28.54398], [-11.00491, 28.53211], [-11.07522, 28.57099], [-11.08268, 28.61176], [-11.12459, 28.68184], [-11.09513, 28.7043], [-11.07346, 28.74239], [-10.7035, 28.9172], [-10.53172, 29.01393], [-10.44034, 29.09596], [-10.42024, 29.13185], [-10.40856, 29.1355]]]}}, {"type": "Feature", "properties": {"shapeID": "96644757B63187791317705", "shapeName": "Agadir Ida-Outanane Prefecture"}, "geometry": {"type": "Polygon", "coordinates": [[[-9.24197, 30.73205], [-9.2218, 30.71391], [-9.2485, 30.71537], [-9.30588, 30.68374], [-9.31536, 30.63913], [-9.32701, 30.62284], [-9.32652, 30.56985], [-9.28815, 30.54175], [-9.26664, 30.48672], [-9.28634, 30.4879], [-9.31286, 30.47286], [-9.30751, 30.43888], [-9.33006, 30.41043], [-9.33676, 30.38695], [-9.3637, 30.38821], [-9.4016, 30.37395], [-9.42143, 30.38519], [-9.50401, 30.35072], [-9.52465, 30.35971], [-9.51933, 30.38019], [-9.50644, 30.38425], [-9.52719, 30.40012], [-9.54218, 30.39578], [-9.54421, 30.37835], [-9.56286, 30.3801], [-9.55814, 30.37137], [-9.57029, 30.36185], [-9.60412, 30.36455], [-9.60575, 30.4149], [-9.61837, 30.42339], [-9.61727, 30.41899], [-9.62929, 30.41806], [-9.62091, 30.42471], [-9.63238, 30.4238], [-9.63117, 30.41617], [-9.64975, 30.42752], [-9.64045, 30.41586], [-9.65042, 30.4256], [-9.64944, 30.43662], [-9.6612, 30.44598], [-9.67871, 30.49932], [-9.70407, 30.54235], [-9.73982, 30.55125], [-9.74703, 30.57303], [-9.78774, 30.6115], [-9.82718, 30.62725], [-9.88958, 30.62936], [-9.87741, 30.69055], [-9.85037, 30.72047], [-9.85168, 30.7324], [-9.80523, 30.81839], [-9.80928, 30.83735], [-9.82176, 30.83754], [-9.8271, 30.84768], [-9.80813, 30.88938], [-9.82087, 30.91387], [-9.8179, 30.93813], [-9.77099, 30.92773], [-9.76688, 30.88428], [-9.73419, 30.87314], [-9.73877, 30.84361], [-9.71559, 30.79144], [-9.6881, 30.78595], [-9.65412, 30.807], [-9.63864, 30.79994], [-9.60444, 30.85672], [-9.5931, 30.85772], [-9.56964, 30.84144], [-9.54302, 30.88451], [-9.53405, 30.88217], [-9.53333, 30.86385], [-9.51216, 30.8694], [-9.44316, 30.83847], [-9.38548, 30.86599], [-9.34611, 30.85514], [-9.34591, 30.87444], [-9.33519, 30.88819], [-9.2465, 30.80236], [-9.24197, 30.73205]]]}}, {"type": "Feature", "properties": {"shapeID": "96644757B698999344864", "shapeName": "Al Haouz Province"}, "geometry": {"type": "Polygon", "coordinates": [[[-7.68025, 31.65987], [-7.63924, 31.66181], [-7.60685, 31.61912], [-7.57974, 31.62644], [-7.57001, 31.61869], [-7.49469, 31.64264], [-7.46619, 31.63129], [-7.459, 31.65946], [-7.41255, 31.67795], [-7.37464, 31.67301], [-7.36272, 31.67739], [-7.36746, 31.68835], [-7.35972, 31.69363], [-7.34515, 31.67841], [-7.3177, 31.68131], [-7.31667, 31.67028], [-7.26974, 31.67334], [-7.26373, 31.62147], [-7.22215, 31.60846], [-7.19348, 31.55954], [-7.13414, 31.55772], [-7.13075, 31.53678], [-7.13963, 31.52913], [-7.14856, 31.48253], [-7.15708, 31.46752], [-7.17046, 31.46685], [-7.18452, 31.42896], [-7.21787, 31.41387], [-7.23922, 31.3927], [-7.23391, 31.37472], [-7.25284, 31.34889], [-7.3056, 31.31818], [-7.38648, 31.28668], [-7.43583, 31.29128], [-7.4361, 31.2842], [-7.47778, 31.27041], [-7.49877, 31.25076], [-7.58409, 31.24512], [-7.59911, 31.20902], [-7.65014, 31.19135], [-7.69687, 31.16262], [-7.71218, 31.13131], [-7.76982, 31.1429], [-7.78347, 31.16258], [-7.79326, 31.15428], [-7.82493, 31.16659], [-7.80968, 31.14535], [-7.88695, 31.10676], [-7.91635, 31.03683], [-7.92711, 31.03193], [-7.94699, 30.95978], [-7.97854, 30.92239], [-8.01456, 30.9089], [-8.13624, 30.93877], [-8.22159, 30.91416], [-8.25028, 30.88956], [-8.36496, 30.8633], [-8.60429, 30.8806], [-8.6465, 30.88845], [-8.66143, 30.90147], [-8.65279, 30.9122], [-8.60362, 30.92157], [-8.5993, 30.93375], [-8.60551, 30.94141], [-8.63466, 30.95351], [-8.4688, 30.95442], [-8.4534, 30.96677], [-8.44635, 31.00584], [-8.42278, 31.04603], [-8.42428, 31.06842], [-8.41106, 31.09034], [-8.42866, 31.13001], [-8.41947, 31.16613], [-8.44901, 31.17915], [-8.42394, 31.20316], [-8.40643, 31.24734], [-8.40763, 31.28579], [-8.41733, 31.30726], [-8.43278, 31.31225], [-8.43948, 31.33643], [-8.41664, 31.31558], [-8.3866, 31.32497], [-8.353, 31.31012], [-8.33434, 31.31571], [-8.32259, 31.33422], [-8.29037, 31.3559], [-8.26182, 31.36328], [-8.25075, 31.37576], [-8.22709, 31.3735], [-8.20458, 31.40978], [-8.1758, 31.41747], [-8.15555, 31.43958], [-8.13396, 31.43552], [-8.15078, 31.48943], [-8.18218, 31.50444], [-8.14482, 31.53451], [-8.13382, 31.5316], [-8.0945, 31.55175], [-8.06209, 31.52472], [-8.04541, 31.54898], [-8.03624, 31.53202], [-7.98449, 31.52159], [-7.97904, 31.50286], [-7.91358, 31.49021], [-7.92051, 31.55425], [-7.90325, 31.57237], [-7.89876, 31.54688], [-7.88906, 31.5442], [-7.88474, 31.55402], [-7.90424, 31.58753], [-7.89952, 31.59096], [-7.86582, 31.57722], [-7.82345, 31.57672], [-7.81931, 31.56924], [-7.7948, 31.57108], [-7.79393, 31.58165], [-7.74472, 31.56885], [-7.73605, 31.67034], [-7.68025, 31.65987]]]}}, {"type": "Feature", "properties": {"shapeID": "96644757B99662254658575", "shapeName": "Inezgane-Ait Melloul Prefecture"}, "geometry": {"type": "Polygon", "coordinates": [[[-9.30406, 30.39143], [-9.31343, 30.38739], [-9.30351, 30.35891], [-9.29512, 30.35933], [-9.27723, 30.32597], [-9.31138, 30.31343], [-9.36216, 30.32383], [-9.36533, 30.31239], [-9.42816, 30.31573], [-9.4489, 30.32883], [-9.457, 30.31777], [-9.43761, 30.30372], [-9.43781, 30.28805], [-9.4676, 30.26144], [-9.50459, 30.28171], [-9.53081, 30.27893], [-9.62009, 30.29494], [-9.60412, 30.36455], [-9.57029, 30.36185], [-9.55814, 30.37137], [-9.56286, 30.3801], [-9.54421, 30.37835], [-9.54218, 30.39578], [-9.52719, 30.40012], [-9.50644, 30.38425], [-9.51933, 30.38019], [-9.52465, 30.35971], [-9.50401, 30.35072], [-9.42143, 30.38519], [-9.4016, 30.37395], [-9.3637, 30.38821], [-9.33676, 30.38695], [-9.33006, 30.41043], [-9.30751, 30.43888], [-9.30406, 30.39143]]]}}, {"type": "Feature", "properties": {"shapeID": "96644757B18768670389586", "shapeName": "Larache Province"}, "geometry": {"type": "Polygon", "coordinates": [[[-5.83322, 34.94364], [-5.87831, 34.93398], [-5.91945, 34.94096], [-6.007, 34.99184], [-6.02638, 34.97648], [-6.05377, 34.97648], [-6.06684, 34.99055], [-6.05799, 34.99816], [-6.10021, 35.01552], [-6.12677, 35.01046], [-6.13852, 34.99703], [-6.18586, 34.98888], [-6.2434, 35.00139], [-6.16933, 35.19337], [-6.1469, 35.19985], [-6.15629, 35.20361], [-6.10694, 35.31616], [-6.05272, 35.31871], [-5.99536, 35.33445], [-5.98957, 35.32251], [-5.97279, 35.32202], [-5.96036, 35.29915], [-5.93303, 35.30553], [-5.91679, 35.33292], [-5.91837, 35.36265], [-5.92516, 35.38065], [-5.95815, 35.39379], [-5.94899, 35.42342], [-5.90646, 35.42495], [-5.89373, 35.44516], [-5.86351, 35.44567], [-5.82074, 35.46685], [-5.80684, 35.42704], [-5.78194, 35.41094], [-5.78286, 35.40258], [-5.70088, 35.3735], [-5.65042, 35.384], [-5.62182, 35.36078], [-5.58459, 35.39802], [-5.55565, 35.40109], [-5.48197, 35.38615], [-5.47997, 35.37117], [-5.45897, 35.36453], [-5.46599, 35.35555], [-5.48545, 35.36454], [-5.45902, 35.29808], [-5.48752, 35.2643], [-5.49674, 35.22856], [-5.54671, 35.20816], [-5.5359, 35.13251], [-5.5153, 35.12243], [-5.53408, 35.10678], [-5.52466, 35.09069], [-5.53084, 35.08057], [-5.48977, 35.03622], [-5.49915, 35.00756], [-5.53325, 34.98929], [-5.55373, 35.00939], [-5.56415, 35.00701], [-5.56565, 34.99654], [-5.57693, 34.99805], [-5.58552, 35.00578], [-5.57372, 35.01559], [-5.57865, 35.02054], [-5.603, 35.02552], [-5.6059, 35.01464], [-5.61592, 35.01241], [-5.63231, 35.03736], [-5.64132, 35.01199], [-5.636, 34.99329], [-5.67883, 34.98527], [-5.70467, 34.94194], [-5.73205, 34.92815], [-5.75599, 34.9247], [-5.76985, 34.93558], [-5.77571, 34.92459], [-5.83322, 34.94364]]]}}, {"type": "Feature", "properties": {"shapeID": "96644757B89345886069248", "shapeName": "Nouaceur Province"}, "geometry": {"type": "Polygon", "coordinates": [[[-7.54295, 33.50212], [-7.59936, 33.47312], [-7.58662, 33.46282], [-7.59572, 33.4558], [-7.56321, 33.44223], [-7.56131, 33.43124], [-7.53319, 33.41257], [-7.53628, 33.39003], [-7.54612, 33.36215], [-7.571, 33.33262], [-7.57505, 33.29753], [-7.58626, 33.28929], [-7.60011, 33.29195], [-7.62564, 33.26822], [-7.72482, 33.32448], [-7.75079, 33.3552], [-7.75811, 33.475], [-7.79771, 33.46235], [-7.84947, 33.48192], [-7.88119, 33.50674], [-7.8238, 33.53706], [-7.80969, 33.52762], [-7.74644, 33.55574], [-7.7316, 33.55395], [-7.70167, 33.53067], [-7.69747, 33.51511], [-7.67073, 33.50706], [-7.66761, 33.4941], [-7.62994, 33.49996], [-7.56659, 33.52861], [-7.54295, 33.50212]]]}}, {"type": "Feature", "properties": {"shapeID": "96644757B41522516415054", "shapeName": "Ouarzazate Province"}, "geometry": {"type": "Polygon", "coordinates": [[[-7.62885, 30.22727], [-7.58185, 30.2475], [-7.57958, 30.28161], [-7.60836, 30.31661], [-7.62816, 30.40548], [-7.67929, 30.37855], [-7.69253, 30.42417], [-7.68639, 30.4497], [-7.61146, 30.4813], [-7.5708, 30.52534], [-7.54437, 30.52794], [-7.51579, 30.54326], [-7.55501, 30.59768], [-7.56972, 30.64377], [-7.55684, 30.65109], [-7.57074, 30.72942], [-7.70985, 30.74091], [-7.67066, 30.77275], [-7.66783, 30.79116], [-7.6795, 30.81763], [-7.6686, 30.83807], [-7.63015, 30.86264], [-7.70888, 30.85112], [-7.73369, 30.86102], [-7.71444, 31.03799], [-7.75124, 31.09948], [-7.74401, 31.1272], [-7.73179, 31.13463], [-7.71218, 31.13131], [-7.69687, 31.16262], [-7.65014, 31.19135], [-7.59911, 31.20902], [-7.58409, 31.24512], [-7.49877, 31.25076], [-7.47778, 31.27041], [-7.4361, 31.2842], [-7.43583, 31.29128], [-7.38648, 31.28668], [-7.3056, 31.31818], [-7.25284, 31.34889], [-7.23391, 31.37472], [-7.23922, 31.3927], [-7.21787, 31.41387], [-7.18452, 31.42896], [-7.17373, 31.41689], [-7.15566, 31.4283], [-7.12685, 31.36647], [-7.06077, 31.37034], [-7.03914, 31.39027], [-7.00899, 31.33899], [-6.99593, 31.3493], [-6.97258, 31.35118], [-6.8092, 31.34334], [-6.73305, 31.34882], [-6.71874, 31.35774], [-6.71296, 31.37572], [-6.70101, 31.46948], [-6.63293, 31.46149], [-6.56332, 31.50785], [-6.49513, 31.53582], [-6.48078, 31.55553], [-6.45638, 31.54608], [-6.44715, 31.55134], [-6.41753, 31.51509], [-6.42614, 31.4827], [-6.41882, 31.46942], [-6.27, 31.30758], [-6.29207, 31.27747], [-6.284, 31.21713], [-6.27319, 31.21287], [-6.2683, 31.08293], [-6.25253, 30.95752], [-6.50081, 30.88706], [-6.58801, 30.85391], [-6.62715, 30.81617], [-6.6335, 30.8514], [-6.6826, 30.88706], [-6.74268, 30.88724], [-6.81804, 30.81396], [-6.88464, 30.77002], [-6.97816, 30.68524], [-6.97619, 30.6692], [-6.93381, 30.62107], [-6.9794, 30.56837], [-6.90624, 30.533], [-6.87538, 30.45112], [-6.86124, 30.45738], [-6.85473, 30.43822], [-6.85616, 30.36104], [-6.88272, 30.33183], [-6.89864, 30.34756], [-6.92455, 30.35519], [-7.02246, 30.33464], [-7.1597, 30.37662], [-7.29546, 30.21325], [-7.29849, 30.1645], [-7.28815, 30.12201], [-7.30152, 30.10345], [-7.33143, 30.12686], [-7.36929, 30.18931], [-7.42246, 30.18695], [-7.47018, 30.21312], [-7.49045, 30.19791], [-7.53776, 30.22562], [-7.59057, 30.20724], [-7.62588, 30.2122], [-7.62885, 30.22727]]]}}, {"type": "Feature", "properties": {"shapeID": "96644757B2759448404756", "shapeName": "Pr\u00e9fecture de F\u00e8s \u0639\u0645\u0627\u0644\u0629 \u0641\u0627\u0633"}, "geometry": {"type": "Polygon", "coordinates": [[[-4.995, 33.92306], [-5.00415, 33.98397], [-5.04558, 33.98645], [-5.05238, 33.97643], [-5.06942, 33.99394], [-5.0651, 34.00723], [-5.07761, 34.02652], [-5.04444, 34.06493], [-4.98307, 34.07502], [-4.94928, 34.06473], [-4.93951, 34.07449], [-4.94102, 34.04406], [-4.91155, 34.04916], [-4.85673, 34.0357], [-4.82986, 34.01994], [-4.81699, 34.02414], [-4.79103, 33.99874], [-4.82223, 33.95162], [-4.88141, 33.944], [-4.88703, 33.93168], [-4.91256, 33.92442], [-4.92651, 33.90996], [-4.92994, 33.87312], [-4.9517, 33.86322], [-4.94159, 33.85258], [-4.94737, 33.84608], [-4.96432, 33.84793], [-4.95595, 33.90223], [-4.98172, 33.90199], [-4.995, 33.92306]]]}}, {"type": "Feature", "properties": {"shapeID": "96644757B80339347175881", "shapeName": "Pr\u00e9fecture de Marrakech \u0639\u0645\u0627\u0644\u0629 \u0645\u0631\u0627\u0643\u0634"}, "geometry": {"type": "Polygon", "coordinates": [[[-8.20776, 32.0544], [-8.09394, 32.05463], [-8.04753, 32.03893], [-8.05045, 31.96381], [-8.0379, 31.92114], [-8.0532, 31.87831], [-8.03297, 31.87792], [-8.0091, 31.82808], [-8.00906, 31.77353], [-8.02495, 31.73622], [-8.01129, 31.72613], [-8.00256, 31.74639], [-7.98515, 31.74445], [-7.98338, 31.76092], [-7.94975, 31.76714], [-7.93288, 31.72752], [-7.91184, 31.73461], [-7.89604, 31.70611], [-7.90437, 31.6888], [-7.81674, 31.69191], [-7.80455, 31.67813], [-7.7596, 31.68636], [-7.73605, 31.67034], [-7.74472, 31.56885], [-7.79393, 31.58165], [-7.7948, 31.57108], [-7.81931, 31.56924], [-7.82345, 31.57672], [-7.86582, 31.57722], [-7.89952, 31.59096], [-7.90424, 31.58753], [-7.88474, 31.55402], [-7.88906, 31.5442], [-7.89876, 31.54688], [-7.90325, 31.57237], [-7.92051, 31.55425], [-7.91358, 31.49021], [-7.97904, 31.50286], [-7.98449, 31.52159], [-8.03624, 31.53202], [-8.04541, 31.54898], [-8.06209, 31.52472], [-8.0945, 31.55175], [-8.13382, 31.5316], [-8.14482, 31.53451], [-8.18218, 31.50444], [-8.15078, 31.48943], [-8.13396, 31.43552], [-8.15555, 31.43958], [-8.1758, 31.41747], [-8.20458, 31.40978], [-8.22709, 31.3735], [-8.25075, 31.37576], [-8.26182, 31.36328], [-8.26502, 31.40987], [-8.28282, 31.43544], [-8.29251, 31.48135], [-8.36415, 31.52886], [-8.41216, 31.5323], [-8.41396, 31.5624], [-8.3859, 31.57181], [-8.3822, 31.60316], [-8.40287, 31.61187], [-8.40261, 31.62868], [-8.4242, 31.63168], [-8.42605, 31.64746], [-8.40403, 31.65287], [-8.36643, 31.6845], [-8.40845, 31.727], [-8.40124, 31.75771], [-8.42606, 31.80765], [-8.41068, 31.85446], [-8.3784, 31.89524], [-8.37579, 31.92909], [-8.34085, 31.98317], [-8.31204, 32.02243], [-8.23726, 32.04614], [-8.23297, 32.05225], [-8.24544, 32.0719], [-8.235, 32.07996], [-8.20776, 32.0544]]]}}, {"type": "Feature", "properties": {"shapeID": "96644757B27397508075839", "shapeName": "Prefecture of Mohamm\u00e9dia"}, "geometry": {"type": "Polygon", "coordinates": [[[-7.32975, 33.69787], [-7.31584, 33.6939], [-7.29915, 33.66965], [-7.27617, 33.65637], [-7.28923, 33.60977], [-7.34088, 33.56956], [-7.34218, 33.54017], [-7.33091, 33.52705], [-7.3488, 33.50683], [-7.33216, 33.50275], [-7.35494, 33.4982], [-7.38014, 33.50995], [-7.38501, 33.51775], [-7.37883, 33.52375], [-7.41679, 33.56172], [-7.45276, 33.55667], [-7.4736, 33.57346], [-7.47811, 33.58078], [-7.45742, 33.61988], [-7.47688, 33.62138], [-7.50175, 33.64087], [-7.4035, 33.70688], [-7.41199, 33.70453], [-7.40311, 33.71203], [-7.39921, 33.7212], [-7.38752, 33.73379], [-7.39911, 33.71167], [-7.37208, 33.70905], [-7.34277, 33.72123], [-7.32975, 33.69787]]]}}, {"type": "Feature", "properties": {"shapeID": "96644757B53936679900609", "shapeName": "Essaouira Province"}, "geometry": {"type": "Polygon", "coordinates": [[[-9.2465, 30.80236], [-9.33519, 30.88819], [-9.34591, 30.87444], [-9.34611, 30.85514], [-9.38548, 30.86599], [-9.44316, 30.83847], [-9.51216, 30.8694], [-9.53333, 30.86385], [-9.53405, 30.88217], [-9.54302, 30.88451], [-9.56964, 30.84144], [-9.5931, 30.85772], [-9.60444, 30.85672], [-9.63864, 30.79994], [-9.65412, 30.807], [-9.6881, 30.78595], [-9.71559, 30.79144], [-9.73877, 30.84361], [-9.73419, 30.87314], [-9.76688, 30.88428], [-9.77099, 30.92773], [-9.8179, 30.93813], [-9.82666, 30.96381], [-9.80793, 31.00878], [-9.82477, 31.05846], [-9.81899, 31.09058], [-9.84188, 31.10446], [-9.83406, 31.12622], [-9.83802, 31.14658], [-9.81623, 31.19008], [-9.82058, 31.23403], [-9.80004, 31.27829], [-9.79487, 31.32853], [-9.81148, 31.3799], [-9.84251, 31.39107], [-9.83252, 31.4145], [-9.79847, 31.44655], [-9.76661, 31.49492], [-9.76877, 31.51], [-9.77539, 31.50585], [-9.77242, 31.51545], [-9.73541, 31.54384], [-9.68782, 31.60389], [-9.6756, 31.63549], [-9.67608, 31.69858], [-9.46112, 31.92196], [-9.43717, 31.90237], [-9.4181, 31.90452], [-9.41593, 31.8871], [-9.40801, 31.88576], [-9.39168, 31.90529], [-9.37052, 31.87562], [-9.3367, 31.86191], [-9.32427, 31.88226], [-9.30978, 31.88921], [-9.26245, 31.88903], [-9.22597, 31.90095], [-9.21366, 31.92404], [-9.19062, 31.94016], [-9.12136, 31.89114], [-9.10397, 31.90091], [-9.0299, 31.90813], [-9.01668, 31.86088], [-9.04239, 31.82048], [-9.02665, 31.80961], [-9.0282, 31.79372], [-9.00198, 31.79841], [-9.01096, 31.79237], [-9.00424, 31.77704], [-8.98222, 31.78094], [-8.97248, 31.71797], [-8.97643, 31.67669], [-9.00117, 31.66326], [-9.02044, 31.67053], [-9.07983, 31.66024], [-9.07731, 31.65128], [-9.13193, 31.60047], [-9.17177, 31.52604], [-9.18407, 31.48603], [-9.14646, 31.42512], [-9.15283, 31.36541], [-9.18684, 31.35915], [-9.19638, 31.37288], [-9.21583, 31.36949], [-9.21044, 31.35717], [-9.28431, 31.34641], [-9.29766, 31.32271], [-9.2779, 31.29018], [-9.27514, 31.25413], [-9.26373, 31.24463], [-9.26425, 31.21345], [-9.28391, 31.2035], [-9.2754, 31.1753], [-9.29121, 31.15137], [-9.26302, 31.13185], [-9.32081, 31.12911], [-9.32134, 31.08618], [-9.3129, 31.06185], [-9.25377, 31.03145], [-9.23486, 31.04224], [-9.21474, 31.03514], [-9.10427, 30.91653], [-9.16521, 30.92975], [-9.16839, 30.82768], [-9.2465, 30.80236]]]}}, {"type": "Feature", "properties": {"shapeID": "96644757B91545835536411", "shapeName": "Prefecture of Rabat"}, "geometry": {"type": "Polygon", "coordinates": [[[-6.80683, 33.92865], [-6.80404, 33.91749], [-6.82443, 33.89563], [-6.88209, 33.93732], [-6.88139, 33.94416], [-6.91744, 33.96208], [-6.8402, 34.03782], [-6.80866, 34.02385], [-6.81183, 34.00701], [-6.80372, 33.9941], [-6.79009, 33.98994], [-6.77833, 33.99914], [-6.76148, 33.97973], [-6.80683, 33.92865]]]}}, {"type": "Feature", "properties": {"shapeID": "96644757B10773066300421", "shapeName": "Province d'Azilal \u0625\u0642\u0644\u064a\u0645 \u0623\u0632\u064a\u0644\u0627\u0644"}, "geometry": {"type": "Polygon", "coordinates": [[[-7.17046, 31.46685], [-7.15708, 31.46752], [-7.14856, 31.48253], [-7.13963, 31.52913], [-7.13075, 31.53678], [-7.13414, 31.55772], [-7.19348, 31.55954], [-7.22215, 31.60846], [-7.26373, 31.62147], [-7.26974, 31.67334], [-7.31667, 31.67028], [-7.32114, 31.69344], [-7.3026, 31.69526], [-7.31856, 31.71301], [-7.28509, 31.73372], [-7.28204, 31.74739], [-7.26537, 31.73931], [-7.2656, 31.76148], [-7.22945, 31.76186], [-7.22932, 31.77304], [-7.1691, 31.74365], [-7.10323, 31.75985], [-7.04889, 31.76073], [-7.0243, 31.77436], [-7.0433, 31.78754], [-7.03481, 31.82761], [-7.00207, 31.82131], [-7.01279, 31.84676], [-7.02372, 31.84617], [-7.02051, 31.86069], [-7.02913, 31.85973], [-7.05539, 31.89348], [-7.05161, 31.90426], [-7.06792, 31.90752], [-7.06297, 31.94098], [-7.06906, 31.9654], [-7.05299, 31.97254], [-7.05754, 31.98257], [-7.11022, 32.02033], [-7.13095, 32.12911], [-7.11047, 32.19103], [-7.07405, 32.18629], [-7.01379, 32.16256], [-6.95031, 32.18633], [-6.92152, 32.18158], [-6.82775, 32.19364], [-6.80674, 32.18666], [-6.76045, 32.19303], [-6.76974, 32.22749], [-6.75528, 32.24147], [-6.74716, 32.23015], [-6.69911, 32.24218], [-6.69969, 32.25033], [-6.69108, 32.25156], [-6.68737, 32.24073], [-6.65642, 32.25087], [-6.62899, 32.24258], [-6.6187, 32.21884], [-6.58923, 32.22857], [-6.56894, 32.21972], [-6.55253, 32.23295], [-6.51364, 32.21834], [-6.48801, 32.25374], [-6.4739, 32.25555], [-6.42033, 32.18717], [-6.41614, 32.22495], [-6.35926, 32.26558], [-6.31286, 32.27166], [-6.29679, 32.27701], [-6.30091, 32.28658], [-6.25669, 32.2968], [-6.20718, 32.2814], [-6.12333, 32.28437], [-6.10762, 32.33795], [-6.04171, 32.36268], [-5.9753, 32.40285], [-5.95698, 32.39606], [-5.93311, 32.36817], [-5.89863, 32.27506], [-5.86524, 32.235], [-5.88075, 32.20979], [-5.91137, 32.19363], [-5.96719, 32.19549], [-5.97161, 32.15822], [-5.91049, 32.15474], [-5.89162, 32.13463], [-5.84219, 32.15292], [-5.84369, 32.13234], [-5.86827, 32.09805], [-5.88818, 31.98342], [-5.82587, 31.96374], [-5.80267, 31.9389], [-5.79858, 31.92805], [-5.82396, 31.89373], [-5.82538, 31.86837], [-5.81729, 31.85757], [-5.92062, 31.82112], [-5.96616, 31.75111], [-6.01771, 31.72021], [-6.12259, 31.69121], [-6.39646, 31.59114], [-6.42346, 31.5788], [-6.44973, 31.54763], [-6.48078, 31.55553], [-6.49513, 31.53582], [-6.56332, 31.50785], [-6.63293, 31.46149], [-6.70101, 31.46948], [-6.71296, 31.37572], [-6.71874, 31.35774], [-6.73305, 31.34882], [-6.8092, 31.34334], [-6.97258, 31.35118], [-6.99593, 31.3493], [-7.00899, 31.33899], [-7.03914, 31.39027], [-7.06077, 31.37034], [-7.12685, 31.36647], [-7.15566, 31.4283], [-7.17373, 31.41689], [-7.18452, 31.42896], [-7.17046, 31.46685]]]}}, {"type": "Feature", "properties": {"shapeID": "96644757B40957387644980", "shapeName": "Province de Beni Mellal \u0625\u0642\u0644\u064a\u0645 \u0628\u0646\u064a \u0645\u0644\u0627\u0644"}, "geometry": {"type": "Polygon", "coordinates": [[[-6.65614, 32.68275], [-6.61428, 32.68656], [-6.62843, 32.71248], [-6.62106, 32.71471], [-6.55294, 32.70874], [-6.48101, 32.69044], [-6.40766, 32.68915], [-6.32157, 32.67272], [-6.32039, 32.66501], [-6.2862, 32.68922], [-6.20324, 32.69378], [-6.06629, 32.73596], [-6.04937, 32.76039], [-6.04694, 32.77906], [-5.99827, 32.76022], [-5.9066, 32.7559], [-5.89973, 32.73231], [-5.8015, 32.65681], [-5.79104, 32.62197], [-5.76997, 32.59486], [-5.75838, 32.6221], [-5.73529, 32.62647], [-5.69185, 32.60546], [-5.60655, 32.59463], [-5.5874, 32.57627], [-5.57582, 32.56039], [-5.57041, 32.49942], [-5.52792, 32.43642], [-5.53633, 32.42051], [-5.52472, 32.39087], [-5.53394, 32.36191], [-5.47397, 32.3464], [-5.50884, 32.3024], [-5.4998, 32.2736], [-5.45549, 32.24329], [-5.44699, 32.21717], [-5.56317, 32.23993], [-5.58721, 32.22139], [-5.67795, 32.21382], [-5.74707, 32.14459], [-5.80267, 32.1275], [-5.84369, 32.13234], [-5.84219, 32.15292], [-5.89162, 32.13463], [-5.91049, 32.15474], [-5.97161, 32.15822], [-5.96719, 32.19549], [-5.91137, 32.19363], [-5.88075, 32.20979], [-5.86524, 32.235], [-5.89863, 32.27506], [-5.93311, 32.36817], [-5.95698, 32.39606], [-5.9753, 32.40285], [-6.04171, 32.36268], [-6.10762, 32.33795], [-6.12333, 32.28437], [-6.20718, 32.2814], [-6.25669, 32.2968], [-6.30091, 32.28658], [-6.29679, 32.27701], [-6.35926, 32.26558], [-6.41614, 32.22495], [-6.42033, 32.18717], [-6.4739, 32.25555], [-6.48801, 32.25374], [-6.51364, 32.21834], [-6.55253, 32.23295], [-6.5471, 32.24706], [-6.52994, 32.25177], [-6.53251, 32.26194], [-6.56642, 32.30119], [-6.56582, 32.321], [-6.57045, 32.31512], [-6.5902, 32.3207], [-6.57251, 32.32702], [-6.57079, 32.34798], [-6.54339, 32.34445], [-6.52829, 32.35909], [-6.48986, 32.35668], [-6.5362, 32.38067], [-6.54573, 32.39365], [-6.5411, 32.39763], [-6.52959, 32.39169], [-6.51303, 32.40089], [-6.50711, 32.38401], [-6.49175, 32.38318], [-6.4376, 32.40402], [-6.44318, 32.43105], [-6.43031, 32.4304], [-6.42563, 32.45329], [-6.44237, 32.45597], [-6.42343, 32.48534], [-6.44695, 32.52023], [-6.48108, 32.53263], [-6.58433, 32.60735], [-6.57884, 32.62326], [-6.62965, 32.64342], [-6.6488, 32.6602], [-6.65614, 32.68275]]]}}, {"type": "Feature", "properties": {"shapeID": "96644757B62254917052717", "shapeName": "Assa-Zag Province"}, "geometry": {"type": "Polygon", "coordinates": [[[-8.91831, 28.5982], [-8.88316, 28.54494], [-8.66887, 28.31106], [-8.6676, 27.13613], [-8.75422, 27.14715], [-8.87456, 27.18319], [-8.97199, 27.27829], [-9.06103, 27.3139], [-9.17212, 27.40948], [-9.28871, 27.47211], [-9.40681, 27.42374], [-9.54414, 27.40229], [-9.76318, 27.5365], [-9.81416, 27.59117], [-9.81622, 27.61294], [-9.88025, 27.67207], [-9.89931, 27.67348], [-9.91579, 27.64822], [-9.96592, 27.63472], [-10.01738, 27.6543], [-10.05832, 27.70977], [-10.09202, 27.71048], [-10.11154, 27.70055], [-10.13706, 27.71403], [-10.21233, 27.79906], [-10.2416, 27.885], [-10.29812, 27.93732], [-10.33232, 28.01167], [-10.37751, 28.16831], [-10.42346, 28.26762], [-10.54034, 28.38278], [-10.59029, 28.39055], [-10.62969, 28.40694], [-10.74061, 28.42293], [-10.71895, 28.46952], [-10.70865, 28.52476], [-10.50456, 28.6136], [-10.4777, 28.59046], [-10.44972, 28.49887], [-10.42671, 28.45836], [-10.20999, 28.4622], [-10.07058, 28.50751], [-9.956, 28.52542], [-9.76752, 28.60593], [-9.62916, 28.68216], [-9.42788, 28.73237], [-9.37269, 28.75645], [-9.32628, 28.81384], [-9.26918, 28.77887], [-9.17118, 28.69369], [-8.99501, 28.64396], [-8.97053, 28.64498], [-8.91831, 28.5982]]]}}, {"type": "Feature", "properties": {"shapeID": "96644757B81090244987905", "shapeName": "Province de Boulemane \u0625\u0642\u0644\u064a\u0645 \u0628\u0648\u0644\u0645\u0627\u0646"}, "geometry": {"type": "Polygon", "coordinates": [[[-2.9992, 33.31764], [-2.90572, 33.21653], [-2.899, 33.19964], [-2.90695, 33.17701], [-2.9415, 33.15244], [-3.02867, 33.1138], [-3.34091, 33.05967], [-3.43584, 33.05657], [-3.57562, 33.10844], [-3.60351, 33.09453], [-3.68275, 33.02694], [-3.72741, 32.94771], [-3.79887, 32.89575], [-3.86818, 32.82388], [-4.01593, 32.64076], [-4.01816, 32.60844], [-4.05787, 32.60056], [-4.10358, 32.62304], [-4.17408, 32.60105], [-4.21682, 32.61378], [-4.28503, 32.71475], [-4.3242, 32.75042], [-4.40533, 32.81064], [-4.46409, 32.84235], [-4.48723, 32.86755], [-4.4775, 32.88272], [-4.55809, 32.89627], [-4.623, 32.87968], [-4.65647, 32.88055], [-4.76979, 32.91225], [-4.77295, 32.9271], [-4.75502, 32.95995], [-4.77459, 33.01802], [-4.80832, 33.04761], [-4.82145, 33.07266], [-4.82628, 33.10649], [-4.86137, 33.16702], [-4.90079, 33.27321], [-4.9614, 33.35655], [-5.00446, 33.39251], [-5.02383, 33.42716], [-5.00231, 33.45129], [-4.90145, 33.49402], [-4.88162, 33.51025], [-4.8166, 33.51581], [-4.77849, 33.52876], [-4.75271, 33.55378], [-4.72745, 33.54441], [-4.7025, 33.54678], [-4.67709, 33.62551], [-4.63867, 33.59717], [-4.61155, 33.60014], [-4.56373, 33.64406], [-4.5385, 33.64737], [-4.51561, 33.64233], [-4.52526, 33.60372], [-4.51654, 33.58019], [-4.48705, 33.55774], [-4.41939, 33.52968], [-4.40019, 33.54278], [-4.37653, 33.54428], [-4.30134, 33.52169], [-4.2838, 33.53135], [-4.27754, 33.56991], [-4.27731, 33.60251], [-4.28779, 33.63114], [-4.23236, 33.60831], [-4.12313, 33.66379], [-4.10817, 33.63857], [-4.08543, 33.63905], [-4.10959, 33.5614], [-4.05811, 33.52625], [-4.03089, 33.51689], [-4.01008, 33.52387], [-3.98348, 33.51314], [-3.94673, 33.51464], [-3.93022, 33.54575], [-3.89914, 33.55021], [-3.88887, 33.57087], [-3.87445, 33.57071], [-3.84757, 33.54231], [-3.84333, 33.50942], [-3.79442, 33.55748], [-3.85733, 33.59336], [-3.80284, 33.65678], [-3.73661, 33.67767], [-3.69316, 33.72797], [-3.65081, 33.74079], [-3.5424, 33.86796], [-3.53228, 33.89474], [-3.51639, 33.90957], [-3.49325, 33.9058], [-3.46644, 33.87751], [-3.37947, 33.8323], [-3.33089, 33.78691], [-3.30198, 33.7778], [-3.19067, 33.76017], [-3.04508, 33.76544], [-3.03238, 33.73147], [-3.12339, 33.66017], [-3.12044, 33.63345], [-3.19046, 33.57036], [-3.21367, 33.56522], [-3.22693, 33.55365], [-3.22793, 33.53466], [-3.25728, 33.51666], [-2.9992, 33.31764]]]}}, {"type": "Feature", "properties": {"shapeID": "96644757B50122508033550", "shapeName": "Province de Fquih Ben Saleh \u0625\u0642\u0644\u064a\u0645 \u0627\u0644\u0641\u0642\u064a\u0647 \u0628\u0646 \u0635\u0627\u0644\u062d"}, "geometry": {"type": "Polygon", "coordinates": [[[-7.10553, 32.35298], [-7.04068, 32.37365], [-7.0349, 32.38476], [-6.99221, 32.49946], [-6.99469, 32.52023], [-7.01512, 32.55661], [-6.99629, 32.56049], [-6.98649, 32.63569], [-6.96013, 32.62189], [-6.91025, 32.62275], [-6.87736, 32.63426], [-6.84995, 32.67611], [-6.84504, 32.66254], [-6.79816, 32.6651], [-6.76967, 32.6763], [-6.72434, 32.66598], [-6.67337, 32.6684], [-6.67543, 32.65526], [-6.6488, 32.6602], [-6.62965, 32.64342], [-6.57884, 32.62326], [-6.58433, 32.60735], [-6.48108, 32.53263], [-6.44695, 32.52023], [-6.42343, 32.48534], [-6.44237, 32.45597], [-6.42563, 32.45329], [-6.43031, 32.4304], [-6.44318, 32.43105], [-6.4376, 32.40402], [-6.49175, 32.38318], [-6.50711, 32.38401], [-6.51303, 32.40089], [-6.52959, 32.39169], [-6.5411, 32.39763], [-6.54573, 32.39365], [-6.5362, 32.38067], [-6.48986, 32.35668], [-6.52829, 32.35909], [-6.54339, 32.34445], [-6.57079, 32.34798], [-6.57251, 32.32702], [-6.5902, 32.3207], [-6.57045, 32.31512], [-6.56582, 32.321], [-6.56642, 32.30119], [-6.52994, 32.25177], [-6.5471, 32.24706], [-6.56894, 32.21972], [-6.58923, 32.22857], [-6.6187, 32.21884], [-6.62899, 32.24258], [-6.65642, 32.25087], [-6.68737, 32.24073], [-6.69108, 32.25156], [-6.69969, 32.25033], [-6.69911, 32.24218], [-6.74716, 32.23015], [-6.75528, 32.24147], [-6.76974, 32.22749], [-6.76045, 32.19303], [-6.80674, 32.18666], [-6.82775, 32.19364], [-6.92152, 32.18158], [-6.95031, 32.18633], [-7.01379, 32.16256], [-7.07405, 32.18629], [-7.11047, 32.19103], [-7.10502, 32.21333], [-7.11618, 32.23195], [-7.10047, 32.3053], [-7.11689, 32.32563], [-7.12597, 32.31464], [-7.13304, 32.31927], [-7.10553, 32.35298]]]}}, {"type": "Feature", "properties": {"shapeID": "96644757B63064605054668", "shapeName": "Province de Guercif \u0625\u0642\u0644\u064a\u0645 \u062c\u0631\u0633\u064a\u0641"}, "geometry": {"type": "Polygon", "coordinates": [[[-3.18191, 34.76876], [-3.01296, 34.70676], [-2.95568, 34.68066], [-2.93785, 34.66372], [-2.98726, 34.64997], [-2.93528, 34.60608], [-2.96382, 34.59045], [-3.01283, 34.61427], [-3.05881, 34.62034], [-3.06063, 34.59523], [-3.03403, 34.56186], [-3.048, 34.55954], [-3.06975, 34.52331], [-3.06193, 34.5011], [-3.10076, 34.49484], [-3.10446, 34.46168], [-3.12027, 34.45976], [-3.21487, 34.40343], [-3.20272, 34.38697], [-3.22183, 34.37153], [-3.19553, 34.32831], [-3.11535, 34.27452], [-3.10468, 34.19804], [-3.0561, 34.12273], [-3.08309, 34.07022], [-3.18969, 34.01632], [-3.21808, 33.99647], [-3.23407, 33.96916], [-3.23174, 33.94148], [-3.16284, 33.88225], [-3.09428, 33.76166], [-3.2345, 33.76371], [-3.33089, 33.78691], [-3.37947, 33.8323], [-3.46644, 33.87751], [-3.49325, 33.9058], [-3.51639, 33.90957], [-3.53228, 33.89474], [-3.5424, 33.86796], [-3.65081, 33.74079], [-3.69316, 33.72797], [-3.73661, 33.67767], [-3.80284, 33.65678], [-3.85733, 33.59336], [-3.79442, 33.55748], [-3.83768, 33.51149], [-3.84333, 33.50942], [-3.84728, 33.52098], [-3.84757, 33.54231], [-3.87445, 33.57071], [-3.88887, 33.57087], [-3.89914, 33.55021], [-3.93022, 33.54575], [-3.94673, 33.51464], [-3.98348, 33.51314], [-4.01008, 33.52387], [-4.03089, 33.51689], [-4.05811, 33.52625], [-4.10959, 33.5614], [-4.08543, 33.63905], [-4.10817, 33.63857], [-4.12313, 33.66379], [-4.08778, 33.66361], [-4.08014, 33.675], [-4.1034, 33.68239], [-3.95936, 33.73448], [-3.96606, 33.78065], [-3.97585, 33.78208], [-3.9277, 33.83168], [-3.9059, 33.87469], [-3.90178, 33.89244], [-3.91139, 33.91694], [-3.8924, 33.97294], [-3.82487, 34.00778], [-3.85294, 34.02955], [-3.83766, 34.0725], [-3.83036, 34.11763], [-3.83818, 34.12721], [-3.81552, 34.20989], [-3.89566, 34.22518], [-3.878, 34.23139], [-3.8889, 34.24111], [-3.88315, 34.25005], [-3.88871, 34.25959], [-3.90838, 34.26027], [-3.91718, 34.30133], [-3.86249, 34.307], [-3.83416, 34.33805], [-3.84371, 34.34312], [-3.84024, 34.36859], [-3.85955, 34.37114], [-3.83843, 34.39395], [-3.84591, 34.40459], [-3.83449, 34.41307], [-3.85577, 34.41137], [-3.84118, 34.4404], [-3.85088, 34.44606], [-3.84352, 34.45604], [-3.79561, 34.47515], [-3.74578, 34.54669], [-3.76917, 34.57496], [-3.75818, 34.59068], [-3.77354, 34.61993], [-3.74303, 34.62014], [-3.72346, 34.63999], [-3.69313, 34.62449], [-3.64096, 34.63323], [-3.62618, 34.61608], [-3.5977, 34.60431], [-3.57176, 34.61388], [-3.57368, 34.5942], [-3.55584, 34.57018], [-3.53173, 34.54454], [-3.5067, 34.53798], [-3.48908, 34.54318], [-3.4785, 34.56292], [-3.47755, 34.59088], [-3.46359, 34.61093], [-3.36104, 34.66381], [-3.2774, 34.75286], [-3.18191, 34.76876]]]}}, {"type": "Feature", "properties": {"shapeID": "96644757B21390270390615", "shapeName": "Province de Jerada \u0625\u0642\u0644\u064a\u0645 \u062c\u0631\u0627\u062f\u0629"}, "geometry": {"type": "Polygon", "coordinates": [[[-1.78285, 33.63941], [-1.8478, 33.63842], [-2.05214, 33.65882], [-2.12471, 33.68857], [-2.21357, 33.69323], [-2.29508, 33.67275], [-2.32124, 33.63998], [-2.658, 33.69575], [-2.66596, 33.83068], [-2.64359, 33.85706], [-2.63813, 33.96499], [-2.50128, 33.99959], [-2.45403, 34.02755], [-2.44472, 34.07483], [-2.48669, 34.12644], [-2.50128, 34.17425], [-2.52687, 34.21331], [-2.53089, 34.23306], [-2.5157, 34.26474], [-2.47657, 34.27542], [-2.46811, 34.28944], [-2.34112, 34.28935], [-2.32996, 34.32147], [-2.30104, 34.33018], [-2.28756, 34.31388], [-2.27143, 34.32317], [-2.28035, 34.33869], [-2.27704, 34.35267], [-2.30645, 34.38354], [-2.31632, 34.41229], [-2.2843, 34.41017], [-2.25821, 34.42957], [-2.20156, 34.42164], [-2.20172, 34.43997], [-2.19341, 34.4482], [-2.13444, 34.44889], [-2.08826, 34.46107], [-2.05289, 34.4835], [-2.05367, 34.5178], [-2.01178, 34.51124], [-2.02552, 34.54397], [-1.97025, 34.55627], [-1.95578, 34.5671], [-1.94192, 34.55669], [-1.8851, 34.54566], [-1.84699, 34.57118], [-1.79726, 34.57761], [-1.74137, 34.50782], [-1.68678, 34.49033], [-1.78197, 34.3942], [-1.70533, 34.30687], [-1.71183, 34.26157], [-1.70672, 34.23023], [-1.64789, 34.10538], [-1.69875, 33.86969], [-1.67132, 33.7731], [-1.67655, 33.75903], [-1.73015, 33.73418], [-1.73248, 33.70111], [-1.70194, 33.67563], [-1.65824, 33.68171], [-1.64618, 33.66971], [-1.78285, 33.63941]]]}}, {"type": "Feature", "properties": {"shapeID": "96644757B52871738396395", "shapeName": "Province de Kh\u00e9nifra \u0625\u0642\u0644\u064a\u0645 \u062e\u0646\u064a\u0641\u0631\u0629"}, "geometry": {"type": "Polygon", "coordinates": [[[-6.38381, 33.256], [-6.38147, 33.27488], [-6.41181, 33.32263], [-6.39186, 33.34743], [-6.4034, 33.36984], [-6.37775, 33.38947], [-6.37336, 33.40933], [-6.36052, 33.41844], [-6.36021, 33.48023], [-6.35277, 33.48261], [-6.27913, 33.45153], [-6.21363, 33.44714], [-6.1973, 33.43909], [-6.21243, 33.40053], [-6.21368, 33.35032], [-6.20315, 33.3425], [-6.17777, 33.34803], [-6.15654, 33.33672], [-6.12931, 33.34211], [-6.10294, 33.33665], [-6.09088, 33.31504], [-6.06996, 33.3057], [-5.99484, 33.30692], [-5.99209, 33.32199], [-5.97566, 33.3197], [-5.96332, 33.33203], [-5.94777, 33.3192], [-5.9355, 33.33208], [-5.92381, 33.31775], [-5.91114, 33.32917], [-5.9169, 33.31879], [-5.9107, 33.31397], [-5.81214, 33.30906], [-5.77417, 33.33408], [-5.79437, 33.33617], [-5.81706, 33.36101], [-5.80611, 33.39891], [-5.81622, 33.42698], [-5.78676, 33.4702], [-5.77378, 33.44092], [-5.74805, 33.4169], [-5.73696, 33.42152], [-5.67921, 33.39612], [-5.62517, 33.38989], [-5.61676, 33.38229], [-5.58068, 33.38727], [-5.57257, 33.36921], [-5.53881, 33.34945], [-5.54308, 33.34361], [-5.52474, 33.33917], [-5.5166, 33.31932], [-5.50639, 33.32495], [-5.50017, 33.30335], [-5.51244, 33.2564], [-5.4893, 33.23496], [-5.48601, 33.19403], [-5.44773, 33.16469], [-5.36742, 33.15298], [-5.29709, 33.1757], [-5.27966, 33.16155], [-5.29888, 33.09753], [-5.3297, 33.08324], [-5.3193, 33.03501], [-5.29064, 33.02985], [-5.28814, 33.00388], [-5.30598, 32.98549], [-5.27326, 32.96661], [-5.24123, 32.92394], [-5.27429, 32.861], [-5.25455, 32.86937], [-5.24928, 32.85651], [-5.28769, 32.83972], [-5.31163, 32.80709], [-5.2991, 32.79521], [-5.31678, 32.7776], [-5.31369, 32.7317], [-5.32142, 32.69899], [-5.31318, 32.66691], [-5.32227, 32.61748], [-5.34639, 32.60237], [-5.3391, 32.57373], [-5.35497, 32.51549], [-5.39798, 32.52476], [-5.40484, 32.5153], [-5.39385, 32.49862], [-5.39617, 32.48254], [-5.41042, 32.46567], [-5.46346, 32.45459], [-5.5359, 32.45399], [-5.57041, 32.49942], [-5.57582, 32.56039], [-5.60655, 32.59463], [-5.69185, 32.60546], [-5.73529, 32.62647], [-5.75838, 32.6221], [-5.76997, 32.59486], [-5.79104, 32.62197], [-5.8015, 32.65681], [-5.89973, 32.73231], [-5.9066, 32.7559], [-5.99827, 32.76022], [-6.04694, 32.77906], [-6.05161, 32.81533], [-6.0674, 32.81804], [-6.06344, 32.89125], [-6.08605, 32.91244], [-6.15698, 32.87122], [-6.17869, 32.91166], [-6.14917, 32.96253], [-6.11926, 32.9485], [-6.09944, 32.98899], [-6.1696, 33.02574], [-6.18593, 33.04991], [-6.23234, 33.07934], [-6.27091, 33.11888], [-6.27442, 33.11232], [-6.28684, 33.11647], [-6.31683, 33.13453], [-6.31792, 33.14856], [-6.38125, 33.15937], [-6.39764, 33.1703], [-6.42322, 33.19659], [-6.42708, 33.21206], [-6.38381, 33.256]]]}}, {"type": "Feature", "properties": {"shapeID": "96644757B90056368806308", "shapeName": "Province d'El Hajeb \u0625\u0642\u0644\u064a\u0645 \u0627\u0644\u062d\u0627\u062c\u0628"}, "geometry": {"type": "Polygon", "coordinates": [[[-5.78744, 33.47826], [-5.80083, 33.47647], [-5.82398, 33.49056], [-5.77972, 33.51494], [-5.78044, 33.55424], [-5.80431, 33.60632], [-5.79177, 33.61088], [-5.7776, 33.6521], [-5.78546, 33.66722], [-5.74171, 33.70628], [-5.73229, 33.75291], [-5.71459, 33.78569], [-5.73407, 33.80451], [-5.76336, 33.81487], [-5.75323, 33.83745], [-5.76747, 33.85078], [-5.71596, 33.834], [-5.69012, 33.80396], [-5.66603, 33.80846], [-5.66135, 33.848], [-5.61577, 33.82397], [-5.59504, 33.82907], [-5.57311, 33.81424], [-5.56204, 33.75617], [-5.49904, 33.77058], [-5.49289, 33.74764], [-5.4788, 33.74406], [-5.42368, 33.80825], [-5.42548, 33.82332], [-5.39785, 33.85459], [-5.41875, 33.89197], [-5.41729, 33.90921], [-5.39669, 33.91961], [-5.36137, 33.92025], [-5.33094, 33.93688], [-5.32127, 33.93345], [-5.31678, 33.94379], [-5.3342, 33.96141], [-5.33064, 33.96771], [-5.31305, 33.96547], [-5.2976, 33.97686], [-5.27934, 33.96097], [-5.18821, 33.99752], [-5.18819, 33.98027], [-5.15528, 33.95126], [-5.13837, 33.91933], [-5.13125, 33.92291], [-5.13506, 33.88486], [-5.09234, 33.87781], [-5.08978, 33.83403], [-5.05989, 33.82329], [-5.07927, 33.80875], [-5.09388, 33.80861], [-5.15737, 33.76127], [-5.19744, 33.79875], [-5.19077, 33.83496], [-5.19872, 33.83549], [-5.20078, 33.84687], [-5.21318, 33.84223], [-5.24644, 33.75512], [-5.26743, 33.74202], [-5.25545, 33.71065], [-5.24017, 33.70698], [-5.22181, 33.68509], [-5.2206, 33.63742], [-5.17367, 33.59274], [-5.14748, 33.54333], [-5.16074, 33.53218], [-5.15904, 33.52076], [-5.21048, 33.54823], [-5.35881, 33.58298], [-5.4463, 33.61858], [-5.45845, 33.61302], [-5.46554, 33.59688], [-5.45472, 33.58018], [-5.4594, 33.55843], [-5.4891, 33.52111], [-5.51572, 33.51981], [-5.53714, 33.50757], [-5.57153, 33.51166], [-5.58849, 33.4663], [-5.61578, 33.45132], [-5.66646, 33.39398], [-5.73696, 33.42152], [-5.74805, 33.4169], [-5.77378, 33.44092], [-5.78744, 33.47826]]]}}, {"type": "Feature", "properties": {"shapeID": "96644757B21870556317795", "shapeName": "Province d'El Kel\u00e2at Es-Sraghna \u0625\u0642\u0644\u064a\u0645 \u0642\u0644\u0639\u0629 \u0627\u0644\u0633\u0631\u0627\u063a\u0646\u0629"}, "geometry": {"type": "Polygon", "coordinates": [[[-7.57022, 31.63106], [-7.58992, 31.63702], [-7.58924, 31.68056], [-7.61027, 31.70247], [-7.60649, 31.71116], [-7.58932, 31.7059], [-7.59207, 31.72977], [-7.57928, 31.73094], [-7.57756, 31.74948], [-7.53602, 31.78458], [-7.5521, 31.80975], [-7.57344, 31.81391], [-7.54031, 31.83484], [-7.56076, 31.8577], [-7.54787, 31.86597], [-7.54933, 31.8874], [-7.59288, 31.96391], [-7.69819, 32.10274], [-7.6975, 32.11442], [-7.75643, 32.17125], [-7.76278, 32.19386], [-7.74296, 32.24795], [-7.71807, 32.28206], [-7.72752, 32.28917], [-7.69107, 32.30857], [-7.58065, 32.41584], [-7.56915, 32.45526], [-7.54574, 32.44568], [-7.52066, 32.44734], [-7.50199, 32.45434], [-7.50178, 32.46834], [-7.48895, 32.46728], [-7.48154, 32.44224], [-7.46937, 32.44087], [-7.46628, 32.45784], [-7.41431, 32.44646], [-7.37726, 32.46448], [-7.34252, 32.42567], [-7.33765, 32.40579], [-7.31879, 32.41153], [-7.30566, 32.39692], [-7.28288, 32.40242], [-7.25908, 32.38942], [-7.25678, 32.37363], [-7.22136, 32.36738], [-7.19665, 32.3466], [-7.19016, 32.33027], [-7.1773, 32.33582], [-7.15404, 32.3277], [-7.14449, 32.33555], [-7.12903, 32.31479], [-7.11897, 32.32637], [-7.10047, 32.3053], [-7.11618, 32.23195], [-7.10502, 32.21333], [-7.13095, 32.12911], [-7.11814, 32.08565], [-7.11742, 32.04595], [-7.11022, 32.02033], [-7.05754, 31.98257], [-7.05299, 31.97254], [-7.06906, 31.9654], [-7.06297, 31.94098], [-7.06792, 31.90752], [-7.05161, 31.90426], [-7.05539, 31.89348], [-7.02913, 31.85973], [-7.02051, 31.86069], [-7.02372, 31.84617], [-7.01279, 31.84676], [-7.00207, 31.82131], [-7.03481, 31.82761], [-7.0433, 31.78754], [-7.0243, 31.77436], [-7.04889, 31.76073], [-7.10323, 31.75985], [-7.1691, 31.74365], [-7.22932, 31.77304], [-7.22945, 31.76186], [-7.2656, 31.76148], [-7.26537, 31.73931], [-7.28204, 31.74739], [-7.28509, 31.73372], [-7.31856, 31.71301], [-7.3026, 31.69526], [-7.32114, 31.69344], [-7.3177, 31.68131], [-7.34515, 31.67841], [-7.35972, 31.69363], [-7.36746, 31.68835], [-7.36272, 31.67739], [-7.37464, 31.67301], [-7.41255, 31.67795], [-7.459, 31.65946], [-7.46619, 31.63129], [-7.49469, 31.64264], [-7.57001, 31.61869], [-7.57974, 31.62644], [-7.57022, 31.63106]]]}}, {"type": "Feature", "properties": {"shapeID": "96644757B71822601453569", "shapeName": "Province de Midelt \u0625\u0642\u0644\u064a\u0645 \u0645\u064a\u062f\u0644\u062a"}, "geometry": {"type": "Polygon", "coordinates": [[[-3.79586, 32.18889], [-3.81217, 32.17779], [-3.83612, 32.16922], [-3.93448, 32.17721], [-4.03293, 32.13776], [-4.03035, 32.12511], [-4.05738, 32.10852], [-4.12717, 32.12097], [-4.19106, 32.2172], [-4.30698, 32.17489], [-4.36964, 32.16443], [-4.41642, 32.12355], [-4.51478, 32.07705], [-4.61048, 32.06811], [-4.67245, 32.05232], [-4.73782, 32.05944], [-4.80326, 32.11304], [-4.82763, 32.16908], [-4.87311, 32.2001], [-4.92606, 32.16639], [-5.02144, 32.13449], [-5.03276, 32.15333], [-5.02941, 32.17077], [-5.09517, 32.15048], [-5.17026, 32.09976], [-5.23456, 32.08534], [-5.29404, 32.05363], [-5.32296, 31.96753], [-5.35289, 31.9731], [-5.3809, 31.91239], [-5.41425, 31.87426], [-5.43617, 31.89665], [-5.46364, 31.89927], [-5.49008, 31.8933], [-5.50476, 31.87694], [-5.53296, 31.91813], [-5.59864, 31.96282], [-5.63555, 32.02484], [-5.82538, 31.86837], [-5.82396, 31.89373], [-5.79858, 31.92805], [-5.80267, 31.9389], [-5.82587, 31.96374], [-5.88818, 31.98342], [-5.86827, 32.09805], [-5.84369, 32.13234], [-5.80267, 32.1275], [-5.74707, 32.14459], [-5.67795, 32.21382], [-5.58721, 32.22139], [-5.56317, 32.23993], [-5.44699, 32.21717], [-5.45549, 32.24329], [-5.4998, 32.2736], [-5.50767, 32.29449], [-5.47397, 32.3464], [-5.53394, 32.36191], [-5.52472, 32.39087], [-5.53633, 32.42051], [-5.52792, 32.43642], [-5.5359, 32.45399], [-5.46346, 32.45459], [-5.41042, 32.46567], [-5.39617, 32.48254], [-5.39385, 32.49862], [-5.40484, 32.5153], [-5.39798, 32.52476], [-5.35497, 32.51549], [-5.3391, 32.57373], [-5.34639, 32.60237], [-5.32227, 32.61748], [-5.31318, 32.66691], [-5.32142, 32.69899], [-5.31369, 32.7317], [-5.31678, 32.7776], [-5.2991, 32.79521], [-5.31163, 32.80709], [-5.28769, 32.83972], [-5.24928, 32.85651], [-5.25455, 32.86937], [-5.19022, 32.91552], [-5.16871, 32.90467], [-5.14186, 32.90886], [-5.12747, 32.94548], [-5.05685, 32.98089], [-5.07172, 33.02373], [-5.02666, 33.06739], [-4.99645, 33.08316], [-4.86334, 33.07433], [-4.84564, 33.07592], [-4.82774, 33.09795], [-4.80832, 33.04761], [-4.77459, 33.01802], [-4.76643, 33.00038], [-4.75502, 32.95995], [-4.77295, 32.9271], [-4.76979, 32.91225], [-4.65647, 32.88055], [-4.623, 32.87968], [-4.55809, 32.89627], [-4.4775, 32.88272], [-4.48723, 32.86755], [-4.46409, 32.84235], [-4.37134, 32.78687], [-4.28503, 32.71475], [-4.21682, 32.61378], [-4.17408, 32.60105], [-4.10358, 32.62304], [-4.05787, 32.60056], [-4.01816, 32.60844], [-4.00295, 32.57946], [-3.92072, 32.53419], [-3.93953, 32.50745], [-3.93261, 32.47903], [-3.91602, 32.45019], [-3.85485, 32.40252], [-3.821, 32.34537], [-3.81043, 32.31591], [-3.81341, 32.25665], [-3.78804, 32.26109], [-3.79586, 32.18889]]]}}, {"type": "Feature", "properties": {"shapeID": "96644757B1478822582790", "shapeName": "Province de Sefrou \u0625\u0642\u0644\u064a\u0645 \u0635\u0641\u0631\u0648"}, "geometry": {"type": "Polygon", "coordinates": [[[-4.79804, 34.03956], [-4.80158, 34.0533], [-4.75577, 34.08292], [-4.66413, 34.04306], [-4.56354, 34.04245], [-4.55845, 34.03914], [-4.56695, 34.01715], [-4.55667, 33.9901], [-4.58307, 33.94628], [-4.52888, 33.92507], [-4.47891, 33.89357], [-4.44474, 33.90854], [-4.41851, 33.89809], [-4.41168, 33.88602], [-4.38813, 33.88454], [-4.3877, 33.89394], [-4.36307, 33.89093], [-4.31685, 33.86443], [-4.25205, 33.90538], [-4.19266, 33.91982], [-4.17647, 33.9129], [-4.17322, 33.90304], [-4.2178, 33.87265], [-4.21896, 33.85578], [-4.19292, 33.83542], [-4.15518, 33.76283], [-4.1521, 33.72742], [-4.12074, 33.68799], [-4.08014, 33.675], [-4.08778, 33.66361], [-4.12313, 33.66379], [-4.23236, 33.60831], [-4.28779, 33.63114], [-4.27731, 33.60251], [-4.27754, 33.56991], [-4.2838, 33.53135], [-4.30134, 33.52169], [-4.37653, 33.54428], [-4.40019, 33.54278], [-4.41939, 33.52968], [-4.48705, 33.55774], [-4.51654, 33.58019], [-4.52526, 33.60372], [-4.51561, 33.64233], [-4.5385, 33.64737], [-4.56373, 33.64406], [-4.61155, 33.60014], [-4.63867, 33.59717], [-4.67709, 33.62551], [-4.7025, 33.54678], [-4.72745, 33.54441], [-4.75271, 33.55378], [-4.77849, 33.52876], [-4.8166, 33.51581], [-4.8602, 33.51277], [-4.89083, 33.58771], [-4.90972, 33.61011], [-4.96999, 33.65517], [-5.04709, 33.65851], [-5.11042, 33.70946], [-5.14825, 33.71831], [-5.15867, 33.73227], [-5.16011, 33.75819], [-5.09388, 33.80861], [-5.07927, 33.80875], [-5.05989, 33.82329], [-5.08978, 33.83403], [-5.09234, 33.87781], [-5.13506, 33.88486], [-5.13125, 33.92291], [-5.08459, 33.91283], [-5.03234, 33.91965], [-4.98172, 33.90199], [-4.95595, 33.90223], [-4.96432, 33.84793], [-4.94737, 33.84608], [-4.94159, 33.85258], [-4.9517, 33.86322], [-4.92994, 33.87312], [-4.92651, 33.90996], [-4.91256, 33.92442], [-4.88703, 33.93168], [-4.88141, 33.944], [-4.82223, 33.95162], [-4.79824, 33.9807], [-4.79103, 33.99874], [-4.81699, 34.02414], [-4.79804, 34.03956]]]}}, {"type": "Feature", "properties": {"shapeID": "96644757B70524131405695", "shapeName": "Province d'Es-Semara \u0625\u0642\u0644\u064a\u0645 \u0627\u0644\u0633\u0645\u0627\u0631\u0629"}, "geometry": {"type": "Polygon", "coordinates": [[[-12.44459, 25.99394], [-12.4702, 26.01618], [-12.48153, 26.03978], [-12.51674, 26.0617], [-12.54774, 26.04794], [-12.57267, 26.05162], [-12.51637, 26.1359], [-12.52721, 26.23701], [-12.57025, 26.42717], [-12.5474, 26.49974], [-12.54772, 26.53843], [-12.53394, 26.57467], [-12.49798, 26.61351], [-12.41902, 26.74984], [-12.35653, 26.80073], [-12.25834, 26.90701], [-12.19002, 27.06335], [-12.13698, 27.15075], [-12.12238, 27.20435], [-12.12756, 27.23153], [-12.11492, 27.29314], [-12.06925, 27.39809], [-12.0332, 27.45247], [-11.87047, 27.58529], [-11.76301, 27.70299], [-11.59087, 27.79776], [-11.48541, 27.80705], [-11.40519, 27.8043], [-11.25842, 27.76801], [-11.18975, 27.73838], [-10.90154, 27.75753], [-10.87063, 27.77394], [-10.78635, 27.78641], [-10.71872, 27.76785], [-10.41642, 27.80476], [-10.24836, 27.8095], [-10.21233, 27.79906], [-10.13706, 27.71403], [-10.11154, 27.70055], [-10.09202, 27.71048], [-10.05832, 27.70977], [-10.01738, 27.6543], [-9.98532, 27.63821], [-9.96592, 27.63472], [-9.91579, 27.64822], [-9.89931, 27.67348], [-9.86171, 27.66189], [-9.81622, 27.61294], [-9.81416, 27.59117], [-9.7982, 27.56897], [-9.76318, 27.5365], [-9.54414, 27.40229], [-9.40681, 27.42374], [-9.28871, 27.47211], [-9.17212, 27.40948], [-9.06103, 27.3139], [-8.97199, 27.27829], [-8.87456, 27.18319], [-8.75422, 27.14715], [-8.6676, 27.13613], [-8.66694, 26.00028], [-12.44459, 25.99394]]]}}, {"type": "Feature", "properties": {"shapeID": "96644757B4563753155162", "shapeName": "Province de Taourirt \u0625\u0642\u0644\u064a\u0645 \u062a\u0627\u0648\u0631\u064a\u0631\u062a"}, "geometry": {"type": "Polygon", "coordinates": [[[-2.85886, 34.69637], [-2.80331, 34.73869], [-2.75623, 34.7271], [-2.59987, 34.72087], [-2.55127, 34.74404], [-2.52848, 34.74596], [-2.49313, 34.73167], [-2.4719, 34.73971], [-2.44274, 34.68884], [-2.47879, 34.60821], [-2.46266, 34.60489], [-2.45986, 34.59579], [-2.41536, 34.60891], [-2.39755, 34.59685], [-2.37557, 34.60872], [-2.35314, 34.58814], [-2.32773, 34.59111], [-2.32705, 34.5709], [-2.30717, 34.54165], [-2.33597, 34.50656], [-2.33566, 34.45924], [-2.35151, 34.43842], [-2.33494, 34.40054], [-2.31584, 34.40452], [-2.27704, 34.35267], [-2.28035, 34.33869], [-2.27143, 34.32317], [-2.28756, 34.31388], [-2.30104, 34.33018], [-2.32996, 34.32147], [-2.34112, 34.28935], [-2.46811, 34.28944], [-2.47657, 34.27542], [-2.5157, 34.26474], [-2.53089, 34.23306], [-2.52687, 34.21331], [-2.50128, 34.17425], [-2.48669, 34.12644], [-2.44472, 34.07483], [-2.45403, 34.02755], [-2.50128, 33.99959], [-2.63813, 33.96499], [-2.64359, 33.85706], [-2.66596, 33.83068], [-2.658, 33.69575], [-2.77468, 33.68153], [-2.79859, 33.66193], [-2.83983, 33.59858], [-2.85509, 33.53906], [-2.88912, 33.49687], [-2.93993, 33.46113], [-3.00575, 33.37593], [-3.04644, 33.348], [-3.25728, 33.51666], [-3.22793, 33.53466], [-3.22693, 33.55365], [-3.21367, 33.56522], [-3.19046, 33.57036], [-3.12044, 33.63345], [-3.12339, 33.66017], [-3.03238, 33.73147], [-3.04508, 33.76544], [-3.09428, 33.76166], [-3.16284, 33.88225], [-3.23174, 33.94148], [-3.23407, 33.96916], [-3.21808, 33.99647], [-3.1533, 34.03992], [-3.08309, 34.07022], [-3.0561, 34.12273], [-3.10468, 34.19804], [-3.11535, 34.27452], [-3.19553, 34.32831], [-3.22183, 34.37153], [-3.20272, 34.38697], [-3.21487, 34.40343], [-3.12027, 34.45976], [-3.10446, 34.46168], [-3.10076, 34.49484], [-3.06193, 34.5011], [-3.06975, 34.52331], [-3.048, 34.55954], [-3.03403, 34.56186], [-3.06063, 34.59523], [-3.05881, 34.62034], [-3.01283, 34.61427], [-2.96382, 34.59045], [-2.93528, 34.60608], [-2.98726, 34.64997], [-2.85886, 34.69637]]]}}, {"type": "Feature", "properties": {"shapeID": "96644757B39685617616684", "shapeName": "Province de Tinghir \u0625\u0642\u0644\u064a\u0645 \u062a\u0646\u063a\u064a\u0631"}, "geometry": {"type": "Polygon", "coordinates": [[[-4.95285, 32.11866], [-4.98883, 32.07807], [-5.03638, 32.05487], [-5.02487, 32.02576], [-5.06624, 32.01157], [-5.07105, 32.01441], [-5.05903, 32.02382], [-5.06925, 32.02496], [-5.08504, 32.01106], [-5.11344, 32.00468], [-5.11594, 31.9933], [-5.07406, 31.98544], [-5.05954, 31.97418], [-5.05337, 31.95399], [-5.06779, 31.93206], [-5.11525, 31.89391], [-5.10116, 31.87553], [-5.10392, 31.86069], [-5.14657, 31.85137], [-5.19018, 31.87153], [-5.21722, 31.83921], [-5.28828, 31.7876], [-5.35521, 31.75972], [-5.46343, 31.69537], [-5.52211, 31.62842], [-5.46138, 31.61521], [-5.4514, 31.56371], [-5.33014, 31.51044], [-5.31042, 31.48205], [-5.27562, 31.47341], [-5.21207, 31.47354], [-5.18884, 31.45327], [-5.19605, 31.43218], [-5.17527, 31.44437], [-5.18296, 31.38316], [-5.22731, 31.30577], [-5.23676, 31.26368], [-5.12735, 31.24663], [-4.95131, 31.30958], [-4.80686, 31.33143], [-4.61966, 31.30804], [-4.60207, 31.32343], [-4.53083, 31.32197], [-4.55538, 31.25977], [-4.55692, 31.21237], [-4.64111, 31.13865], [-4.70964, 31.06116], [-4.70136, 30.86836], [-4.79198, 30.80311], [-4.83146, 30.75576], [-4.98818, 30.65455], [-5.09607, 30.55186], [-5.18134, 30.48174], [-5.216, 30.46393], [-5.23696, 30.48035], [-5.24331, 30.5451], [-5.19215, 30.61283], [-5.18872, 30.65115], [-5.2946, 30.68895], [-5.33192, 30.71187], [-5.33058, 30.73716], [-5.27546, 30.7593], [-5.33029, 30.80232], [-5.3552, 30.78417], [-5.3715, 30.81397], [-5.34947, 30.8878], [-5.37412, 30.89452], [-5.36899, 30.9067], [-5.32071, 30.91357], [-5.32106, 30.94697], [-5.28811, 30.98641], [-5.30607, 30.9912], [-5.3495, 31.02456], [-5.51101, 31.01624], [-5.55719, 31.02536], [-5.62208, 31.013], [-5.65487, 31.01778], [-5.76181, 31.0594], [-5.81588, 31.10292], [-5.85151, 31.14836], [-5.87142, 31.15112], [-5.946, 31.11372], [-5.96961, 31.08359], [-6.00368, 31.09711], [-6.08053, 31.0439], [-6.23216, 30.96172], [-6.25253, 30.95752], [-6.2683, 31.08293], [-6.27319, 31.21287], [-6.284, 31.21713], [-6.29207, 31.27747], [-6.27, 31.30758], [-6.41882, 31.46942], [-6.42614, 31.4827], [-6.41753, 31.51509], [-6.44715, 31.55134], [-6.42346, 31.5788], [-6.12259, 31.69121], [-6.01771, 31.72021], [-5.98005, 31.73997], [-5.92062, 31.82112], [-5.81729, 31.85757], [-5.82538, 31.86837], [-5.63555, 32.02484], [-5.59864, 31.96282], [-5.53296, 31.91813], [-5.50476, 31.87694], [-5.49008, 31.8933], [-5.46364, 31.89927], [-5.43617, 31.89665], [-5.41425, 31.87426], [-5.3809, 31.91239], [-5.35289, 31.9731], [-5.32296, 31.96753], [-5.29404, 32.05363], [-5.23456, 32.08534], [-5.17026, 32.09976], [-5.14271, 32.11408], [-5.12547, 32.13412], [-5.06968, 32.16094], [-5.02941, 32.17077], [-5.03276, 32.15333], [-5.02144, 32.13449], [-4.92606, 32.16639], [-4.95285, 32.11866]]]}}, {"type": "Feature", "properties": {"shapeID": "96644757B64717664824106", "shapeName": "Province d'Ifrane \u2d5c\u2d30\u2d59\u2d33\u2d30 \u2d4f \u2d49\u2d3c\u2d54\u2d30\u2d4f \u0625\u0642\u0644\u064a\u0645 \u0625\u0641\u0631\u0627\u0646"}, "geometry": {"type": "Polygon", "coordinates": [[[-4.88162, 33.51025], [-4.90145, 33.49402], [-4.96192, 33.4725], [-5.00231, 33.45129], [-5.02383, 33.42716], [-5.00446, 33.39251], [-4.9614, 33.35655], [-4.90079, 33.27321], [-4.82774, 33.09795], [-4.84564, 33.07592], [-4.99645, 33.08316], [-5.01719, 33.07363], [-5.07172, 33.02373], [-5.05685, 32.98089], [-5.12747, 32.94548], [-5.14186, 32.90886], [-5.16871, 32.90467], [-5.19022, 32.91552], [-5.27246, 32.86061], [-5.24123, 32.92394], [-5.27326, 32.96661], [-5.30598, 32.98549], [-5.28814, 33.00388], [-5.29064, 33.02985], [-5.3193, 33.03501], [-5.3297, 33.08324], [-5.29888, 33.09753], [-5.28367, 33.12961], [-5.28198, 33.16866], [-5.29709, 33.1757], [-5.36742, 33.15298], [-5.44773, 33.16469], [-5.48601, 33.19403], [-5.4893, 33.23496], [-5.51244, 33.2564], [-5.50017, 33.30335], [-5.50639, 33.32495], [-5.5166, 33.31932], [-5.52474, 33.33917], [-5.54308, 33.34361], [-5.53881, 33.34945], [-5.57257, 33.36921], [-5.58068, 33.38727], [-5.61676, 33.38229], [-5.62517, 33.38989], [-5.66646, 33.39398], [-5.61578, 33.45132], [-5.58849, 33.4663], [-5.57153, 33.51166], [-5.53714, 33.50757], [-5.51572, 33.51981], [-5.4891, 33.52111], [-5.4594, 33.55843], [-5.45472, 33.58018], [-5.46554, 33.59688], [-5.45845, 33.61302], [-5.4463, 33.61858], [-5.35881, 33.58298], [-5.21048, 33.54823], [-5.15904, 33.52076], [-5.16074, 33.53218], [-5.14748, 33.54333], [-5.17367, 33.59274], [-5.2206, 33.63742], [-5.22181, 33.68509], [-5.24017, 33.70698], [-5.25545, 33.71065], [-5.26743, 33.74202], [-5.24644, 33.75512], [-5.21318, 33.84223], [-5.20078, 33.84687], [-5.19872, 33.83549], [-5.19077, 33.83496], [-5.19744, 33.79875], [-5.15737, 33.76127], [-5.15867, 33.73227], [-5.14825, 33.71831], [-5.11042, 33.70946], [-5.04709, 33.65851], [-4.96999, 33.65517], [-4.89083, 33.58771], [-4.8602, 33.51277], [-4.88162, 33.51025]]]}}, {"type": "Feature", "properties": {"shapeID": "96644757B84561517472973", "shapeName": "Tetouan Province"}, "geometry": {"type": "Polygon", "coordinates": [[[-5.08888, 35.42326], [-5.09089, 35.43228], [-5.10197, 35.43308], [-5.10476, 35.42361], [-5.12543, 35.41791], [-5.12297, 35.40912], [-5.13853, 35.39524], [-5.15961, 35.39094], [-5.14691, 35.37832], [-5.17363, 35.37328], [-5.17604, 35.35593], [-5.18716, 35.35178], [-5.1902, 35.32765], [-5.20417, 35.31175], [-5.20206, 35.29801], [-5.21445, 35.29821], [-5.20478, 35.26217], [-5.22688, 35.25201], [-5.25264, 35.22485], [-5.30081, 35.22448], [-5.32566, 35.23878], [-5.32506, 35.23269], [-5.34656, 35.23468], [-5.34995, 35.22308], [-5.43871, 35.20638], [-5.44243, 35.23746], [-5.46978, 35.25878], [-5.4905, 35.2501], [-5.45902, 35.29808], [-5.48545, 35.36454], [-5.46599, 35.35555], [-5.45897, 35.36453], [-5.47997, 35.37117], [-5.48197, 35.38615], [-5.55565, 35.40109], [-5.58459, 35.39802], [-5.62182, 35.36078], [-5.65042, 35.384], [-5.70088, 35.3735], [-5.78286, 35.40258], [-5.78194, 35.41094], [-5.80684, 35.42704], [-5.82074, 35.46685], [-5.84234, 35.45406], [-5.84024, 35.46862], [-5.78343, 35.51277], [-5.75795, 35.52416], [-5.71606, 35.52425], [-5.70339, 35.53513], [-5.71464, 35.61424], [-5.65964, 35.58938], [-5.57538, 35.62248], [-5.56812, 35.62716], [-5.56967, 35.64443], [-5.55027, 35.64562], [-5.50029, 35.62298], [-5.49653, 35.64947], [-5.50321, 35.65925], [-5.49522, 35.67644], [-5.45536, 35.69666], [-5.43234, 35.66096], [-5.37, 35.66894], [-5.36554, 35.67891], [-5.32137, 35.67238], [-5.31932, 35.65496], [-5.33476, 35.60545], [-5.3178, 35.60652], [-5.30516, 35.59634], [-5.29651, 35.6055], [-5.26636, 35.60705], [-5.23968, 35.54951], [-5.17316, 35.53138], [-5.15316, 35.50458], [-5.10648, 35.47721], [-5.08034, 35.43521], [-5.08888, 35.42326]]]}}, {"type": "Feature", "properties": {"shapeID": "96644757B83322507681707", "shapeName": "Zagora Province"}, "geometry": {"type": "Polygon", "coordinates": [[[-6.40546, 29.64685], [-6.42494, 29.69917], [-6.39027, 29.74516], [-6.43176, 29.97298], [-6.40049, 29.99948], [-6.35708, 30.01182], [-6.35365, 30.03076], [-6.39797, 30.04657], [-6.47913, 30.02601], [-6.50783, 30.0751], [-6.48831, 30.12834], [-6.58969, 30.22929], [-6.51074, 30.29065], [-6.51222, 30.31591], [-6.5486, 30.34186], [-6.61419, 30.41359], [-6.63823, 30.4155], [-6.6441, 30.42727], [-6.63909, 30.43905], [-6.65734, 30.46162], [-6.68937, 30.44749], [-6.81093, 30.42329], [-6.83251, 30.46033], [-6.87538, 30.45112], [-6.90624, 30.533], [-6.9794, 30.56837], [-6.93381, 30.62107], [-6.97619, 30.6692], [-6.97816, 30.68524], [-6.96769, 30.70068], [-6.81804, 30.81396], [-6.74268, 30.88724], [-6.6826, 30.88706], [-6.6335, 30.8514], [-6.62715, 30.81617], [-6.58801, 30.85391], [-6.50081, 30.88706], [-6.31747, 30.94376], [-6.23216, 30.96172], [-6.08053, 31.0439], [-6.00368, 31.09711], [-5.96961, 31.08359], [-5.946, 31.11372], [-5.87142, 31.15112], [-5.85151, 31.14836], [-5.81588, 31.10292], [-5.76181, 31.0594], [-5.65487, 31.01778], [-5.62208, 31.013], [-5.55719, 31.02536], [-5.51101, 31.01624], [-5.3495, 31.02456], [-5.30607, 30.9912], [-5.28811, 30.98641], [-5.32106, 30.94697], [-5.32071, 30.91357], [-5.36899, 30.9067], [-5.37412, 30.89452], [-5.34947, 30.8878], [-5.3715, 30.81397], [-5.3552, 30.78417], [-5.33029, 30.80232], [-5.27546, 30.7593], [-5.33058, 30.73716], [-5.33192, 30.71187], [-5.2946, 30.68895], [-5.18872, 30.65115], [-5.19215, 30.61283], [-5.24331, 30.5451], [-5.23696, 30.48035], [-5.1667, 30.4253], [-5.14574, 30.41961], [-5.11739, 30.42713], [-5.03642, 30.36333], [-5.09909, 30.27892], [-5.13402, 30.20937], [-5.13844, 30.14002], [-5.13055, 30.00188], [-5.23127, 29.93937], [-5.24936, 29.91551], [-5.27071, 29.90487], [-5.3228, 29.8188], [-5.31703, 29.79468], [-5.32313, 29.77742], [-5.54208, 29.51218], [-5.55359, 29.48303], [-5.56548, 29.47659], [-5.578, 29.48957], [-5.60598, 29.48886], [-5.65081, 29.50454], [-5.68583, 29.54119], [-5.71453, 29.51983], [-5.74924, 29.51827], [-5.74416, 29.54811], [-5.72324, 29.5862], [-5.74576, 29.60069], [-5.79986, 29.61468], [-5.86199, 29.60471], [-5.87884, 29.59444], [-5.9573, 29.59002], [-6.029, 29.56414], [-6.06984, 29.56213], [-6.16532, 29.5823], [-6.24746, 29.5654], [-6.37387, 29.56816], [-6.39031, 29.54983], [-6.40049, 29.56167], [-6.44851, 29.56564], [-6.40546, 29.64685]]]}}, {"type": "Feature", "properties": {"shapeID": "96644757B90795389022281", "shapeName": "Laayoune Province"}, "geometry": {"type": "Polygon", "coordinates": [[[-12.63821, 26.07207], [-12.68576, 26.13784], [-12.88047, 26.23736], [-12.98557, 26.31864], [-13.06686, 26.39833], [-13.3471, 26.51789], [-13.46086, 26.55418], [-13.53945, 26.59943], [-13.62648, 26.68231], [-13.56336, 26.74454], [-13.53103, 26.80075], [-13.47326, 26.96093], [-13.43184, 27.05035], [-13.43836, 27.05952], [-13.43122, 27.05798], [-13.41798, 27.08188], [-13.42298, 27.09543], [-13.4328, 27.08918], [-13.43288, 27.096], [-13.41939, 27.10715], [-13.40784, 27.16384], [-13.30667, 27.31904], [-13.24552, 27.47232], [-13.12085, 27.36598], [-13.01356, 27.2988], [-12.85606, 27.32626], [-12.6856, 27.38686], [-12.64938, 27.40864], [-12.71496, 27.30063], [-12.71874, 27.21564], [-12.70723, 27.16998], [-12.67496, 27.13898], [-12.50107, 27.04239], [-12.29962, 26.8617], [-12.35653, 26.80073], [-12.41902, 26.74984], [-12.49798, 26.61351], [-12.53394, 26.57467], [-12.54772, 26.53843], [-12.5474, 26.49974], [-12.57025, 26.42717], [-12.52721, 26.23701], [-12.51637, 26.1359], [-12.57267, 26.05162], [-12.63821, 26.07207]]]}}, {"type": "Feature", "properties": {"shapeID": "96644757B60043813814440", "shapeName": "Prefecture de Mekn\u00e8s \u0639\u0645\u0627\u0644\u0629 \u0645\u0643\u0646\u0627\u0633"}, "geometry": {"type": "Polygon", "coordinates": [[[-5.79001, 33.85566], [-5.80747, 33.87491], [-5.79911, 33.89318], [-5.77798, 33.89586], [-5.774, 33.92869], [-5.76293, 33.92789], [-5.75258, 33.94623], [-5.77614, 33.98107], [-5.8134, 34.0135], [-5.7987, 34.02423], [-5.8123, 34.04566], [-5.85425, 34.06446], [-5.88311, 34.10319], [-5.87987, 34.12023], [-5.856, 34.14266], [-5.81439, 34.15775], [-5.82948, 34.18859], [-5.79517, 34.19061], [-5.79338, 34.21103], [-5.76797, 34.16289], [-5.75098, 34.16708], [-5.74404, 34.15924], [-5.70133, 34.17396], [-5.70455, 34.12094], [-5.61126, 34.12277], [-5.59449, 34.1074], [-5.58198, 34.10783], [-5.54213, 34.1292], [-5.53148, 34.15988], [-5.469, 34.14743], [-5.46416, 34.1651], [-5.44311, 34.18454], [-5.4641, 34.19134], [-5.47371, 34.21206], [-5.45091, 34.23472], [-5.4362, 34.2335], [-5.41913, 34.25714], [-5.41793, 34.24721], [-5.40474, 34.24131], [-5.40937, 34.23741], [-5.39768, 34.23898], [-5.39296, 34.22812], [-5.3845, 34.23167], [-5.38334, 34.21971], [-5.35594, 34.21377], [-5.33823, 34.19037], [-5.34488, 34.19065], [-5.33593, 34.18088], [-5.33852, 34.16853], [-5.34547, 34.17559], [-5.35303, 34.17094], [-5.33562, 34.13491], [-5.33884, 34.11109], [-5.35513, 34.09989], [-5.3518, 34.08935], [-5.3371, 34.0878], [-5.33077, 34.06675], [-5.30837, 34.06823], [-5.27681, 34.08026], [-5.27937, 34.10538], [-5.24865, 34.1079], [-5.23073, 34.0959], [-5.24268, 34.07846], [-5.24052, 34.05991], [-5.25373, 34.05019], [-5.23364, 34.04961], [-5.23315, 34.02965], [-5.19687, 34.00138], [-5.19567, 33.99497], [-5.27934, 33.96097], [-5.2976, 33.97686], [-5.31305, 33.96547], [-5.33064, 33.96771], [-5.3342, 33.96141], [-5.31678, 33.94379], [-5.32127, 33.93345], [-5.33094, 33.93688], [-5.36137, 33.92025], [-5.39669, 33.91961], [-5.41729, 33.90921], [-5.41875, 33.89197], [-5.39785, 33.85459], [-5.42548, 33.82332], [-5.42368, 33.80825], [-5.4788, 33.74406], [-5.49289, 33.74764], [-5.49904, 33.77058], [-5.56204, 33.75617], [-5.57311, 33.81424], [-5.59504, 33.82907], [-5.61577, 33.82397], [-5.66135, 33.848], [-5.66603, 33.80846], [-5.69012, 33.80396], [-5.71596, 33.834], [-5.79001, 33.85566]]]}}, {"type": "Feature", "properties": {"shapeID": "96644757B99361415702964", "shapeName": "Prefecture of Tangier - Assilah"}, "geometry": {"type": "Polygon", "coordinates": [[[-5.74623, 35.75548], [-5.76641, 35.73413], [-5.76799, 35.71875], [-5.75444, 35.70018], [-5.72882, 35.70073], [-5.72263, 35.68728], [-5.72821, 35.67805], [-5.71581, 35.64899], [-5.72079, 35.63938], [-5.70339, 35.53513], [-5.71606, 35.52425], [-5.75795, 35.52416], [-5.78343, 35.51277], [-5.84024, 35.46862], [-5.84234, 35.45406], [-5.8714, 35.44351], [-5.89373, 35.44516], [-5.90646, 35.42495], [-5.94899, 35.42342], [-5.95815, 35.39379], [-5.92516, 35.38065], [-5.91837, 35.36265], [-5.91679, 35.33292], [-5.93303, 35.30553], [-5.96036, 35.29915], [-5.97279, 35.32202], [-5.98957, 35.32251], [-5.99536, 35.33445], [-6.05272, 35.31871], [-6.10694, 35.31616], [-6.08154, 35.39615], [-6.01873, 35.49772], [-5.9296, 35.78832], [-5.90756, 35.80112], [-5.84798, 35.80112], [-5.79319, 35.79128], [-5.80777, 35.78736], [-5.78172, 35.77685], [-5.75177, 35.79783], [-5.75022, 35.81788], [-5.73635, 35.82061], [-5.74623, 35.75548]]]}}, {"type": "Feature", "properties": {"shapeID": "96644757B69343874835814", "shapeName": "Province de Berkane \u0625\u0642\u0644\u064a\u0645 \u0628\u0631\u0643\u0627\u0646"}, "geometry": {"type": "Polygon", "coordinates": [[[-2.79087, 34.75112], [-2.79647, 34.76197], [-2.7839, 34.76278], [-2.76869, 34.80235], [-2.74241, 34.82994], [-2.72399, 34.84015], [-2.71558, 34.83659], [-2.70213, 34.86271], [-2.69441, 34.85404], [-2.69077, 34.86245], [-2.66636, 34.86091], [-2.67251, 34.88257], [-2.65557, 34.88763], [-2.65742, 34.87729], [-2.64992, 34.87779], [-2.64734, 34.8974], [-2.63153, 34.91338], [-2.60074, 34.91882], [-2.59866, 34.92723], [-2.57838, 34.92353], [-2.55905, 34.93062], [-2.54898, 34.95009], [-2.51106, 34.9416], [-2.50989, 34.94823], [-2.47059, 34.95832], [-2.44589, 34.98701], [-2.45743, 35.00412], [-2.42758, 35.0247], [-2.43334, 35.04647], [-2.40511, 35.05594], [-2.3933, 35.0742], [-2.41104, 35.08189], [-2.38925, 35.09721], [-2.36919, 35.09656], [-2.36816, 35.10659], [-2.34766, 35.11172], [-2.34364, 35.12407], [-2.29333, 35.11721], [-2.29931, 35.115], [-2.29809, 35.1093], [-2.29538, 35.11623], [-2.26596, 35.09919], [-2.21176, 35.08526], [-2.21083, 35.0585], [-2.21837, 35.04799], [-2.18399, 35.03123], [-2.18787, 35.02417], [-2.16571, 35.0054], [-2.12745, 34.99616], [-2.10438, 34.96672], [-2.05637, 34.93605], [-2.06985, 34.91852], [-2.0565, 34.9073], [-2.11113, 34.89546], [-2.1211, 34.85349], [-2.15001, 34.8365], [-2.23581, 34.88403], [-2.27363, 34.82625], [-2.29246, 34.81282], [-2.26962, 34.80859], [-2.25452, 34.78745], [-2.27529, 34.7591], [-2.28155, 34.70423], [-2.25701, 34.64218], [-2.23046, 34.61285], [-2.26096, 34.59952], [-2.32576, 34.59768], [-2.32773, 34.59111], [-2.35314, 34.58814], [-2.37557, 34.60872], [-2.39755, 34.59685], [-2.41536, 34.60891], [-2.45986, 34.59579], [-2.46266, 34.60489], [-2.47879, 34.60821], [-2.44274, 34.68884], [-2.4719, 34.73971], [-2.49313, 34.73167], [-2.52848, 34.74596], [-2.55127, 34.74404], [-2.59987, 34.72087], [-2.75623, 34.7271], [-2.80331, 34.73869], [-2.79087, 34.75112]]]}}, {"type": "Feature", "properties": {"shapeID": "96644757B88930410593624", "shapeName": "Province de Driouch \u0625\u0642\u0644\u064a\u0645 \u0627\u0644\u062f\u0631\u064a\u0648\u0634"}, "geometry": {"type": "Polygon", "coordinates": [[[-3.16917, 35.20757], [-3.17579, 35.19714], [-3.1697, 35.18044], [-3.19398, 35.17327], [-3.20082, 35.13433], [-3.22782, 35.09781], [-3.22562, 35.07762], [-3.20848, 35.05826], [-3.2532, 35.03175], [-3.2436, 35.00701], [-3.20567, 34.99034], [-3.20131, 34.96109], [-3.25657, 34.95149], [-3.2575, 34.90875], [-3.27058, 34.86896], [-3.22842, 34.81825], [-3.26758, 34.80507], [-3.26086, 34.75722], [-3.2774, 34.75286], [-3.36104, 34.66381], [-3.46359, 34.61093], [-3.47755, 34.59088], [-3.4785, 34.56292], [-3.48908, 34.54318], [-3.5067, 34.53798], [-3.53173, 34.54454], [-3.57368, 34.5942], [-3.57176, 34.61388], [-3.5977, 34.60431], [-3.62618, 34.61608], [-3.64096, 34.63323], [-3.64243, 34.65853], [-3.63434, 34.67379], [-3.59144, 34.70134], [-3.61975, 34.74102], [-3.59295, 34.78905], [-3.593, 34.83035], [-3.60463, 34.84369], [-3.62683, 34.8483], [-3.75221, 34.84299], [-3.76358, 34.86181], [-3.75977, 34.88137], [-3.82012, 34.88753], [-3.82924, 34.91919], [-3.81948, 34.92961], [-3.82591, 34.93428], [-3.80617, 34.9849], [-3.8175, 35.02438], [-3.80943, 35.05859], [-3.81495, 35.09827], [-3.80607, 35.15109], [-3.81257, 35.15988], [-3.80269, 35.1745], [-3.82389, 35.19936], [-3.77099, 35.22257], [-3.75024, 35.27409], [-3.70604, 35.2883], [-3.67826, 35.28574], [-3.66355, 35.26799], [-3.58667, 35.22579], [-3.48852, 35.19941], [-3.45068, 35.20611], [-3.42587, 35.19245], [-3.33506, 35.18554], [-3.29851, 35.20632], [-3.19627, 35.22681], [-3.16917, 35.20757]]]}}, {"type": "Feature", "properties": {"shapeID": "96644757B36967765471663", "shapeName": "Province de Taounate \u0625\u0642\u0644\u064a\u0645 \u062a\u0627\u0648\u0646\u0627\u062a"}, "geometry": {"type": "Polygon", "coordinates": [[[-4.74837, 34.09265], [-4.76063, 34.11987], [-4.76387, 34.16554], [-4.8021, 34.18192], [-4.8002, 34.19954], [-4.83553, 34.20517], [-4.81991, 34.22735], [-4.83726, 34.23914], [-4.84194, 34.22754], [-4.8919, 34.202], [-4.90008, 34.2084], [-4.88832, 34.21824], [-4.91188, 34.22785], [-4.90499, 34.23013], [-4.90599, 34.24355], [-4.88792, 34.25419], [-4.91418, 34.26248], [-4.92848, 34.24662], [-4.93577, 34.24667], [-4.93959, 34.2609], [-4.95129, 34.25375], [-4.95739, 34.26125], [-4.93998, 34.27757], [-4.95978, 34.29069], [-4.99235, 34.28585], [-4.99959, 34.29188], [-5.01003, 34.28431], [-5.00993, 34.29447], [-5.02856, 34.29201], [-5.05199, 34.30287], [-5.04875, 34.2864], [-5.06468, 34.27818], [-5.07003, 34.29662], [-5.08786, 34.29427], [-5.09786, 34.28539], [-5.09211, 34.27553], [-5.10439, 34.26679], [-5.12224, 34.27997], [-5.10923, 34.28976], [-5.13426, 34.29843], [-5.13331, 34.30662], [-5.14562, 34.30974], [-5.15449, 34.30233], [-5.16082, 34.31198], [-5.18239, 34.31103], [-5.18831, 34.31866], [-5.21627, 34.29944], [-5.22847, 34.30289], [-5.22567, 34.27997], [-5.2428, 34.27849], [-5.24464, 34.28749], [-5.25526, 34.27516], [-5.2883, 34.26655], [-5.2876, 34.27663], [-5.30618, 34.26509], [-5.31524, 34.28174], [-5.32632, 34.26116], [-5.35542, 34.25365], [-5.36119, 34.26752], [-5.37485, 34.26639], [-5.38049, 34.2745], [-5.39798, 34.26218], [-5.40904, 34.26773], [-5.40729, 34.27686], [-5.42861, 34.26989], [-5.44606, 34.29327], [-5.44305, 34.30084], [-5.46285, 34.31911], [-5.47189, 34.3136], [-5.48236, 34.32588], [-5.48766, 34.31334], [-5.50031, 34.31856], [-5.50444, 34.33313], [-5.49309, 34.34414], [-5.51874, 34.3646], [-5.53275, 34.3623], [-5.52887, 34.37546], [-5.49565, 34.37086], [-5.45562, 34.39421], [-5.39388, 34.41352], [-5.37961, 34.44001], [-5.36073, 34.44075], [-5.34365, 34.45572], [-5.34554, 34.4686], [-5.33524, 34.48052], [-5.34253, 34.48845], [-5.31515, 34.5159], [-5.28082, 34.51478], [-5.25619, 34.53251], [-5.26711, 34.54215], [-5.25861, 34.55604], [-5.19771, 34.55843], [-5.18145, 34.59035], [-5.19621, 34.59734], [-5.18064, 34.61428], [-5.18867, 34.66967], [-5.18076, 34.69257], [-5.18109, 34.73905], [-5.14494, 34.76529], [-5.11213, 34.77628], [-5.08385, 34.77462], [-5.08004, 34.78241], [-5.02081, 34.8008], [-5.0174, 34.79155], [-4.9778, 34.79028], [-4.88494, 34.8333], [-4.86305, 34.8252], [-4.79057, 34.84275], [-4.78746, 34.77279], [-4.77842, 34.75027], [-4.72386, 34.71904], [-4.62782, 34.72373], [-4.58855, 34.71512], [-4.57299, 34.6827], [-4.5408, 34.70172], [-4.50568, 34.70114], [-4.43409, 34.66802], [-4.41615, 34.7108], [-4.38082, 34.70567], [-4.31503, 34.72272], [-4.29364, 34.7515], [-4.30443, 34.76181], [-4.24805, 34.80668], [-4.21177, 34.76723], [-4.17059, 34.75138], [-4.1548, 34.75791], [-4.1434, 34.74404], [-4.1448, 34.72851], [-4.11059, 34.69026], [-4.1155, 34.67], [-4.10889, 34.65089], [-4.08171, 34.61684], [-4.13636, 34.60871], [-4.18716, 34.62673], [-4.23928, 34.60474], [-4.27307, 34.61367], [-4.28409, 34.60719], [-4.34131, 34.60923], [-4.32552, 34.56671], [-4.32717, 34.54652], [-4.34219, 34.53427], [-4.38922, 34.5266], [-4.38687, 34.50975], [-4.42643, 34.47255], [-4.44405, 34.46777], [-4.45701, 34.42575], [-4.43579, 34.343], [-4.45971, 34.33018], [-4.46556, 34.29178], [-4.43105, 34.30216], [-4.40217, 34.29289], [-4.39299, 34.27758], [-4.35263, 34.27475], [-4.31335, 34.23882], [-4.40117, 34.18588], [-4.39788, 34.17052], [-4.41349, 34.15267], [-4.442, 34.1615], [-4.4475, 34.15785], [-4.4415, 34.14523], [-4.46388, 34.15254], [-4.47052, 34.1402], [-4.47804, 34.15212], [-4.51036, 34.13225], [-4.53217, 34.13896], [-4.53154, 34.11863], [-4.55355, 34.11978], [-4.57366, 34.1042], [-4.59241, 34.10368], [-4.58061, 34.07008], [-4.56911, 34.07122], [-4.55847, 34.04811], [-4.56354, 34.04245], [-4.66413, 34.04306], [-4.75577, 34.08292], [-4.74837, 34.09265]]]}}, {"type": "Feature", "properties": {"shapeID": "96644757B6720908192283", "shapeName": "Prefecture of Sal\u00e9"}, "geometry": {"type": "Polygon", "coordinates": [[[-6.5518, 34.06511], [-6.60114, 34.0229], [-6.56861, 34.019], [-6.57266, 33.99767], [-6.53331, 33.95728], [-6.52976, 33.93405], [-6.5616, 33.90259], [-6.54076, 33.90538], [-6.52037, 33.87475], [-6.4762, 33.86206], [-6.47316, 33.84988], [-6.48296, 33.82638], [-6.49592, 33.8252], [-6.5079, 33.84298], [-6.51601, 33.83746], [-6.51184, 33.81482], [-6.51957, 33.79441], [-6.53863, 33.78678], [-6.54991, 33.79835], [-6.57489, 33.78906], [-6.59574, 33.81481], [-6.59348, 33.82521], [-6.64018, 33.84162], [-6.63764, 33.85381], [-6.64987, 33.84371], [-6.65402, 33.8575], [-6.66811, 33.85476], [-6.6944, 33.87681], [-6.71273, 33.87368], [-6.73862, 33.88658], [-6.75422, 33.88427], [-6.76594, 33.90155], [-6.74829, 33.9104], [-6.75012, 33.9376], [-6.79522, 33.93737], [-6.76148, 33.97973], [-6.77833, 33.99914], [-6.79009, 33.98994], [-6.80372, 33.9941], [-6.81183, 34.00701], [-6.80866, 34.02385], [-6.83828, 34.03967], [-6.79254, 34.08105], [-6.7307, 34.15877], [-6.70136, 34.1444], [-6.68356, 34.16161], [-6.63172, 34.12459], [-6.57545, 34.12439], [-6.58513, 34.11341], [-6.55854, 34.10588], [-6.5518, 34.06511]]]}}, {"type": "Feature", "properties": {"shapeID": "96644757B25593504689486", "shapeName": "Province d'Aousserd \u0625\u0642\u0644\u064a\u0645 \u0623\u0648\u0633\u0631\u062f"}, "geometry": {"type": "Polygon", "coordinates": [[[-16.98227, 21.56132], [-16.98551, 21.60443], [-16.974, 21.65719], [-16.98139, 21.71821], [-16.95045, 21.75907], [-16.95247, 21.76987], [-16.96463, 21.77232], [-16.96711, 21.79623], [-16.9574, 21.82752], [-16.90254, 21.89433], [-16.89646, 21.94303], [-16.80492, 22.16348], [-16.77631, 22.17536], [-16.7699, 22.194], [-16.78126, 22.2033], [-16.71721, 22.25451], [-16.68096, 22.29538], [-16.65249, 22.29307], [-16.63666, 22.26829], [-16.55015, 22.28976], [-16.49409, 22.32593], [-16.49472, 22.34867], [-16.46418, 22.38597], [-16.38365, 22.35591], [-16.21731, 22.26493], [-16.00016, 22.0832], [-15.91061, 21.94735], [-15.8452, 22.06672], [-15.77019, 22.16786], [-15.72058, 22.18248], [-15.40009, 22.11364], [-15.33417, 22.11412], [-15.27186, 22.1292], [-15.22032, 22.16454], [-15.22145, 22.20278], [-15.31767, 22.37206], [-15.29607, 22.46159], [-15.19252, 22.66507], [-15.145, 22.84019], [-15.129, 22.9265], [-15.13195, 23.11531], [-15.11595, 23.22118], [-15.0279, 23.36973], [-14.77177, 23.3752], [-14.7201, 23.36796], [-14.65602, 23.32022], [-14.64237, 23.2721], [-14.61971, 23.23519], [-14.5471, 23.2068], [-14.43998, 23.20632], [-14.36062, 23.23687], [-14.20464, 23.20932], [-14.08167, 23.16856], [-13.77965, 23.0429], [-13.15029, 22.75751], [-13.08399, 22.53667], [-12.99964, 21.33672], [-14.02889, 21.3425], [-16.94849, 21.33417], [-16.9956, 21.12807], [-17.035, 21.05361], [-17.04056, 20.99333], [-17.06833, 20.91549], [-17.0675, 20.85056], [-17.05002, 20.76978], [-17.08205, 20.82512], [-17.09545, 20.82623], [-17.10483, 20.84399], [-17.07801, 20.88597], [-17.09526, 20.92253], [-17.06348, 21.00158], [-17.06489, 21.0789], [-17.04389, 21.1626], [-17.05048, 21.18473], [-17.02769, 21.29133], [-17.02855, 21.34252], [-16.98227, 21.56132]]]}}, {"type": "Feature", "properties": {"shapeID": "96644757B69656421663665", "shapeName": "Prefecture of Casablanca"}, "geometry": {"type": "Polygon", "coordinates": [[[-7.48405, 33.5652], [-7.51493, 33.56843], [-7.54321, 33.55137], [-7.53437, 33.53243], [-7.55557, 33.52084], [-7.56659, 33.52861], [-7.65963, 33.49391], [-7.67315, 33.49592], [-7.67073, 33.50706], [-7.69747, 33.51511], [-7.70167, 33.53067], [-7.7316, 33.55395], [-7.74644, 33.55574], [-7.65231, 33.6139], [-7.63991, 33.6048], [-7.59161, 33.62068], [-7.61857, 33.60525], [-7.60013, 33.60217], [-7.60547, 33.61051], [-7.59563, 33.60561], [-7.59448, 33.61318], [-7.58803, 33.60397], [-7.59066, 33.61389], [-7.58531, 33.60548], [-7.57495, 33.60733], [-7.50175, 33.64087], [-7.47688, 33.62138], [-7.45742, 33.61988], [-7.48405, 33.5652]]]}}, {"type": "Feature", "properties": {"shapeID": "96644757B26045285741175", "shapeName": "Berrechid Province"}, "geometry": {"type": "Polygon", "coordinates": [[[-7.26104, 33.21724], [-7.28479, 33.22598], [-7.31552, 33.21234], [-7.3078, 33.19331], [-7.3211, 33.18074], [-7.31232, 33.17615], [-7.32247, 33.16551], [-7.30213, 33.15214], [-7.30511, 33.14734], [-7.34857, 33.12835], [-7.38753, 33.12555], [-7.39643, 33.11679], [-7.4174, 33.12699], [-7.43517, 33.11369], [-7.44624, 33.11987], [-7.43577, 33.09464], [-7.44852, 33.09694], [-7.47783, 33.06803], [-7.51216, 33.10858], [-7.53102, 33.10042], [-7.5419, 33.13229], [-7.55962, 33.11955], [-7.56413, 33.1239], [-7.5737, 33.13982], [-7.56424, 33.16189], [-7.62176, 33.14934], [-7.66648, 33.15423], [-7.67721, 33.16371], [-7.69847, 33.15352], [-7.7373, 33.16852], [-7.7283, 33.15966], [-7.73017, 33.12742], [-7.69138, 33.10297], [-7.71421, 33.09708], [-7.70502, 33.07536], [-7.74601, 33.05188], [-7.74655, 33.03275], [-7.72725, 33.02327], [-7.7893, 33.02248], [-7.8457, 33.05903], [-7.86544, 33.02846], [-7.8911, 33.01766], [-7.90878, 33.02353], [-7.91925, 33.00823], [-8.00948, 33.02496], [-8.06117, 33.02299], [-8.06095, 33.06126], [-8.07431, 33.06564], [-8.06063, 33.07107], [-8.06453, 33.08782], [-8.08909, 33.07527], [-8.08638, 33.09446], [-8.07575, 33.10053], [-8.10618, 33.10803], [-8.10501, 33.14188], [-8.12036, 33.14082], [-8.12696, 33.12738], [-8.13644, 33.13354], [-8.1294, 33.14575], [-8.14568, 33.15017], [-8.12859, 33.1642], [-8.11642, 33.15337], [-8.11458, 33.16613], [-8.09349, 33.18495], [-8.10122, 33.20274], [-8.08802, 33.21583], [-8.08357, 33.20969], [-8.07712, 33.21871], [-8.03641, 33.21046], [-8.01531, 33.22009], [-8.00224, 33.24263], [-8.01523, 33.25456], [-8.00552, 33.27417], [-7.97442, 33.26133], [-7.95745, 33.27988], [-7.96582, 33.29895], [-7.95398, 33.30359], [-7.95829, 33.31849], [-7.97642, 33.33788], [-7.96245, 33.37066], [-8.0148, 33.45567], [-7.88119, 33.50674], [-7.84947, 33.48192], [-7.79771, 33.46235], [-7.75811, 33.475], [-7.75079, 33.3552], [-7.72482, 33.32448], [-7.62564, 33.26822], [-7.60011, 33.29195], [-7.58626, 33.28929], [-7.57505, 33.29753], [-7.571, 33.33262], [-7.54612, 33.36215], [-7.53319, 33.41257], [-7.48747, 33.42591], [-7.45717, 33.45116], [-7.3534, 33.4679], [-7.33709, 33.44689], [-7.34316, 33.41649], [-7.35374, 33.40661], [-7.31561, 33.39182], [-7.29767, 33.403], [-7.28493, 33.34232], [-7.26811, 33.3117], [-7.25051, 33.28834], [-7.22826, 33.29094], [-7.21449, 33.2819], [-7.22352, 33.2202], [-7.26104, 33.21724]]]}}, {"type": "Feature", "properties": {"shapeID": "96644757B5863178934624", "shapeName": "El Jadida Province"}, "geometry": {"type": "Polygon", "coordinates": [[[-8.03685, 32.79088], [-8.04257, 32.77854], [-8.08609, 32.7879], [-8.11306, 32.7758], [-8.12907, 32.80596], [-8.13935, 32.81032], [-8.1649, 32.81754], [-8.16516, 32.81054], [-8.20048, 32.80838], [-8.22649, 32.81455], [-8.23434, 32.84898], [-8.25432, 32.86694], [-8.28699, 32.84916], [-8.30089, 32.87345], [-8.34708, 32.88607], [-8.36034, 32.8749], [-8.37394, 32.88052], [-8.38712, 32.8674], [-8.39218, 32.87123], [-8.39828, 32.86607], [-8.39056, 32.86007], [-8.40128, 32.8518], [-8.41437, 32.85526], [-8.43141, 32.82061], [-8.45699, 32.79954], [-8.49299, 32.79319], [-8.49797, 32.79871], [-8.52913, 32.78291], [-8.54848, 32.79157], [-8.59646, 32.74672], [-8.6483, 32.7426], [-8.66114, 32.72746], [-8.69856, 32.7554], [-8.72289, 32.72968], [-8.71302, 32.72542], [-8.73654, 32.7005], [-8.80531, 32.74429], [-8.8273, 32.71917], [-8.88591, 32.69261], [-8.91459, 32.74105], [-8.93364, 32.7955], [-8.95044, 32.80605], [-8.89976, 32.843], [-8.75701, 32.9795], [-8.75581, 32.97075], [-8.74482, 32.97716], [-8.72877, 32.99638], [-8.7564, 32.98053], [-8.6323, 33.11132], [-8.62893, 33.12054], [-8.63752, 33.1251], [-8.6281, 33.12085], [-8.63214, 33.12546], [-8.62624, 33.12292], [-8.63061, 33.12736], [-8.62528, 33.12494], [-8.61925, 33.1339], [-8.63232, 33.13446], [-8.64501, 33.12336], [-8.63189, 33.13513], [-8.61271, 33.13328], [-8.62967, 33.16306], [-8.52609, 33.25925], [-8.5192, 33.25584], [-8.50982, 33.26474], [-8.48463, 33.24545], [-8.43851, 33.25521], [-8.3381, 33.31886], [-8.30256, 33.36568], [-8.21776, 33.3848], [-8.18196, 33.40436], [-8.13833, 33.41075], [-8.0148, 33.45567], [-7.96245, 33.37066], [-7.97642, 33.33788], [-7.95829, 33.31849], [-7.95398, 33.30359], [-7.96582, 33.29895], [-7.95745, 33.27988], [-7.97442, 33.26133], [-8.00552, 33.27417], [-8.01523, 33.25456], [-8.00224, 33.24263], [-8.01531, 33.22009], [-8.03641, 33.21046], [-8.07712, 33.21871], [-8.08357, 33.20969], [-8.08802, 33.21583], [-8.10122, 33.20274], [-8.09349, 33.18495], [-8.11458, 33.16613], [-8.11642, 33.15337], [-8.12859, 33.1642], [-8.14568, 33.15017], [-8.1294, 33.14575], [-8.13644, 33.13354], [-8.12696, 33.12738], [-8.12036, 33.14082], [-8.10501, 33.14188], [-8.10618, 33.10803], [-8.07575, 33.10053], [-8.08638, 33.09446], [-8.08909, 33.07527], [-8.06453, 33.08782], [-8.06063, 33.07107], [-8.07431, 33.06564], [-8.06095, 33.06126], [-8.06099, 33.01648], [-8.04523, 33.01065], [-8.06523, 33.01027], [-8.05635, 33.00103], [-8.06247, 32.99394], [-8.05855, 32.97444], [-8.07633, 32.97406], [-8.05768, 32.96067], [-8.05352, 32.9397], [-8.07935, 32.93735], [-8.04069, 32.92075], [-8.04004, 32.91266], [-8.05972, 32.90921], [-8.06287, 32.90171], [-8.05096, 32.89189], [-8.05794, 32.87885], [-8.04148, 32.87798], [-8.04816, 32.86292], [-8.03729, 32.85577], [-8.05987, 32.84786], [-8.05249, 32.84045], [-8.03664, 32.84568], [-8.00803, 32.86902], [-8.01715, 32.85474], [-7.99047, 32.85145], [-8.01393, 32.83559], [-7.9919, 32.83575], [-8.00595, 32.82093], [-7.99607, 32.81425], [-8.03685, 32.79088]]]}}, {"type": "Feature", "properties": {"shapeID": "96644757B78111329468616", "shapeName": "Oued Ed-Dahab Province"}, "geometry": {"type": "MultiPolygon", "coordinates": [[[[-2.41918, 32.15347], [-2.43049, 32.14971], [-2.4323, 32.15296], [-2.41918, 32.15347]]], [[[-3.66376, 30.66991], [-3.66725, 30.66016], [-3.67168, 30.66407], [-3.66376, 30.66991]]], [[[-5.68583, 29.54119], [-5.67813, 29.53089], [-5.68877, 29.53954], [-5.68583, 29.54119]]], [[[-6.40049, 29.56167], [-6.39995, 29.5607], [-6.40915, 29.56308], [-6.40049, 29.56167]]], [[[-9.70068, 30.53651], [-9.70387, 30.54202], [-9.70261, 30.54022], [-9.70068, 30.53651]]], [[[-14.88649, 24.64254], [-14.78525, 24.55486], [-14.66376, 24.52589], [-14.6217, 24.49873], [-14.60934, 24.475], [-14.56317, 24.43267], [-14.50611, 24.41613], [-14.30482, 24.47311], [-14.07589, 24.48397], [-13.81152, 24.42824], [-13.68897, 24.39051], [-13.51335, 24.43356], [-13.295, 24.51271], [-13.12025, 24.52723], [-12.88662, 24.48162], [-12.61125, 24.38325], [-12.53947, 24.38359], [-12.26426, 24.43854], [-12.11303, 24.4159], [-12.0, 24.38543], [-12.00028, 23.45444], [-12.15583, 23.41639], [-12.36583, 23.31861], [-12.57139, 23.29139], [-12.99833, 23.02472], [-13.10528, 22.89306], [-13.15029, 22.75751], [-13.77965, 23.0429], [-14.08167, 23.16856], [-14.20464, 23.20932], [-14.36062, 23.23687], [-14.43998, 23.20632], [-14.5471, 23.2068], [-14.61971, 23.23519], [-14.64237, 23.2721], [-14.65602, 23.32022], [-14.7201, 23.36796], [-14.77177, 23.3752], [-15.0279, 23.36973], [-15.11595, 23.22118], [-15.13195, 23.11531], [-15.129, 22.9265], [-15.145, 22.84019], [-15.19252, 22.66507], [-15.29607, 22.46159], [-15.31767, 22.37206], [-15.22145, 22.20278], [-15.22032, 22.16454], [-15.27186, 22.1292], [-15.33417, 22.11412], [-15.40009, 22.11364], [-15.72058, 22.18248], [-15.77019, 22.16786], [-15.8452, 22.06672], [-15.91061, 21.94735], [-16.00016, 22.0832], [-16.21731, 22.26493], [-16.38365, 22.35591], [-16.46683, 22.38266], [-16.44047, 22.49869], [-16.42764, 22.52241], [-16.38097, 22.55225], [-16.35988, 22.57811], [-16.34303, 22.6537], [-16.34405, 22.72043], [-16.33664, 22.75035], [-16.32927, 22.77592], [-16.28842, 22.83387], [-16.28946, 22.84838], [-16.30317, 22.85982], [-16.28846, 22.90461], [-16.26856, 22.89663], [-16.21049, 22.92028], [-16.16905, 22.95915], [-16.14791, 22.99486], [-16.14143, 23.02655], [-16.14918, 23.06079], [-16.17829, 23.09057], [-16.20867, 23.07807], [-16.19824, 23.10642], [-16.12429, 23.19057], [-16.11422, 23.20924], [-16.11466, 23.23255], [-16.06103, 23.30663], [-16.06529, 23.32925], [-16.00565, 23.38007], [-15.97883, 23.41963], [-15.95169, 23.47669], [-15.97535, 23.50924], [-15.94406, 23.52599], [-15.92147, 23.55872], [-15.90685, 23.56379], [-15.87686, 23.62841], [-15.85762, 23.63356], [-15.79219, 23.73266], [-15.801, 23.72739], [-15.74608, 23.77805], [-15.73482, 23.80743], [-15.70793, 23.82815], [-15.70923, 23.83587], [-15.72126, 23.83504], [-15.74904, 23.81909], [-15.73025, 23.8723], [-15.73748, 23.87707], [-15.73814, 23.90301], [-15.75172, 23.9148], [-15.77102, 23.88994], [-15.76375, 23.91349], [-15.76859, 23.92091], [-15.80129, 23.88034], [-15.81951, 23.88384], [-15.87832, 23.82246], [-15.90638, 23.76748], [-15.92374, 23.70077], [-15.95659, 23.67043], [-15.93979, 23.66185], [-15.94813, 23.6561], [-15.96014, 23.66964], [-15.98419, 23.62741], [-16.00051, 23.63234], [-16.0054, 23.6481], [-15.9609, 23.69951], [-15.95622, 23.726], [-15.9241, 23.75741], [-15.90319, 23.8196], [-15.80463, 23.92228], [-15.59628, 24.04099], [-15.57969, 24.0601], [-15.58289, 24.07826], [-15.57241, 24.09469], [-15.53337, 24.1204], [-15.52022, 24.14429], [-15.41588, 24.24105], [-15.32704, 24.30616], [-15.22278, 24.43789], [-15.14469, 24.50066], [-15.01361, 24.55285], [-14.99137, 24.59867], [-14.9863, 24.63033], [-14.93983, 24.654], [-14.90488, 24.6832], [-14.88649, 24.64254]]], [[[-12.54358, 28.00011], [-12.54072, 28.00075], [-12.54192, 28.0004], [-12.54358, 28.00011]]], [[[-12.70346, 27.97895], [-12.71273, 27.97846], [-12.70229, 27.97906], [-12.70346, 27.97895]]], [[[-12.72026, 27.97697], [-12.72814, 27.97538], [-12.71563, 27.97825], [-12.72026, 27.97697]]], [[[-12.75743, 27.97194], [-12.76607, 27.97116], [-12.73425, 27.97445], [-12.75743, 27.97194]]], [[[-12.7694, 27.9709], [-12.7746, 27.97058], [-12.76701, 27.97106], [-12.7694, 27.9709]]], [[[-12.81293, 27.96678], [-12.81058, 27.9672], [-12.79781, 27.96828], [-12.79723, 27.96853], [-12.78708, 27.96914], [-12.78416, 27.96986], [-12.77957, 27.9703], [-12.78909, 27.96871], [-12.81293, 27.96678]]], [[[-12.91599, 27.95388], [-12.91978, 27.94939], [-12.92169, 27.94786], [-12.93066, 27.94376], [-12.93175, 27.94411], [-12.91713, 27.95432], [-12.88785, 27.95477], [-12.91599, 27.95388]]], [[[-12.93628, 27.93268], [-12.93647, 27.93461], [-12.93539, 27.93527], [-12.93628, 27.93268]]], [[[-12.95203, 27.92552], [-12.95292, 27.92415], [-12.95214, 27.92553], [-12.95203, 27.92552]]], [[[-12.96103, 27.91764], [-12.96292, 27.91018], [-12.96588, 27.90471], [-12.97075, 27.89771], [-12.97869, 27.89445], [-12.98202, 27.88302], [-12.98326, 27.88151], [-12.98864, 27.87769], [-12.98601, 27.87589], [-12.98568, 27.87465], [-12.9863, 27.86959], [-12.98977, 27.85802], [-12.98892, 27.87823], [-12.98052, 27.89406], [-12.97104, 27.89777], [-12.96039, 27.92067], [-12.95529, 27.92373], [-12.96103, 27.91764]]], [[[-13.00152, 27.83042], [-13.00128, 27.83351], [-13.00168, 27.8355], [-12.99983, 27.84341], [-13.00152, 27.83042]]], [[[-13.00522, 27.82394], [-13.00716, 27.81639], [-13.00623, 27.82192], [-13.00522, 27.82394]]], [[[-13.05609, 27.74719], [-13.04991, 27.75257], [-13.05146, 27.7505], [-13.05609, 27.74719]]], [[[-13.11445, 27.71959], [-13.12132, 27.71362], [-13.11569, 27.71927], [-13.11174, 27.72192], [-13.08877, 27.73009], [-13.11445, 27.71959]]], [[[-13.13901, 27.70404], [-13.12163, 27.7134], [-13.13012, 27.70755], [-13.13901, 27.70404]]], [[[-13.16017, 27.69687], [-13.1605, 27.69661], [-13.16033, 27.697], [-13.15839, 27.69811], [-13.15061, 27.70074], [-13.16017, 27.69687]]], [[[-13.16413, 27.69248], [-13.16698, 27.67936], [-13.16811, 27.6766], [-13.17195, 27.66783], [-13.18539, 27.64237], [-13.19711, 27.62247], [-13.17588, 27.66068], [-13.16505, 27.69106], [-13.16224, 27.6955], [-13.16052, 27.6966], [-13.16413, 27.69248]]], [[[-13.19763, 27.61845], [-13.20308, 27.59684], [-13.20103, 27.60613], [-13.19763, 27.61845]]], [[[-13.20312, 27.59336], [-13.20402, 27.58647], [-13.2032, 27.5948], [-13.20312, 27.59336]]], [[[-13.22584, 27.52192], [-13.22802, 27.51204], [-13.22578, 27.52421], [-13.21876, 27.5485], [-13.22584, 27.52192]]], [[[-13.25739, 27.44466], [-13.24427, 27.47737], [-13.22947, 27.50728], [-13.25739, 27.44466]]], [[[-13.25764, 27.4441], [-13.25936, 27.43937], [-13.25806, 27.4431], [-13.25764, 27.4441]]], [[[-13.26387, 27.42632], [-13.27632, 27.3916], [-13.26721, 27.42107], [-13.26081, 27.43411], [-13.26387, 27.42632]]], [[[-13.28263, 27.37381], [-13.28442, 27.37086], [-13.27787, 27.38416], [-13.28263, 27.37381]]], [[[-13.28566, 27.36824], [-13.28614, 27.36745], [-13.28531, 27.36907], [-13.28566, 27.36824]]], [[[-13.2906, 27.35774], [-13.29639, 27.35095], [-13.2874, 27.36421], [-13.2906, 27.35774]]], [[[-13.30269, 27.32925], [-13.30344, 27.3262], [-13.30517, 27.32255], [-13.30269, 27.32925]]], [[[-13.3099, 27.31395], [-13.3158, 27.30455], [-13.3052, 27.3225], [-13.3099, 27.31395]]], [[[-13.32121, 27.29388], [-13.32615, 27.2863], [-13.31589, 27.30436], [-13.32121, 27.29388]]], [[[-13.34333, 27.26582], [-13.33741, 27.27169], [-13.34138, 27.26722], [-13.34333, 27.26582]]], [[[-13.36803, 27.23131], [-13.36754, 27.22969], [-13.36842, 27.22716], [-13.37467, 27.21486], [-13.36829, 27.23116], [-13.36374, 27.23779], [-13.36803, 27.23131]]], [[[-13.38033, 27.20473], [-13.38749, 27.19584], [-13.3748, 27.21451], [-13.38033, 27.20473]]], [[[-13.38856, 27.19225], [-13.39049, 27.1884], [-13.39959, 27.1757], [-13.38856, 27.19225]]], [[[-13.4081, 27.15176], [-13.41939, 27.10715], [-13.42418, 27.0971], [-13.40784, 27.16384], [-13.4081, 27.15176]]], [[[-13.41753, 27.0862], [-13.41865, 27.08152], [-13.42279, 27.09515], [-13.41753, 27.0862]]], [[[-13.43836, 27.05952], [-13.43058, 27.05707], [-13.43184, 27.05035], [-13.45552, 26.99907], [-13.43419, 27.04592], [-13.43126, 27.05727], [-13.43784, 27.05895], [-13.43842, 27.05936], [-13.43845, 27.0597], [-13.43836, 27.05952]]], [[[-13.4296, 27.06047], [-13.41868, 27.08152], [-13.42058, 27.07559], [-13.43025, 27.05928], [-13.4296, 27.06047]]], [[[-13.43167, 27.09602], [-13.43313, 27.08902], [-13.43308, 27.09624], [-13.43277, 27.09645], [-13.42453, 27.09691], [-13.43167, 27.09602]]], [[[-13.43262, 27.09042], [-13.43162, 27.09017], [-13.43083, 27.08968], [-13.43182, 27.09059], [-13.43072, 27.08977], [-13.43088, 27.08959], [-13.43114, 27.08961], [-13.43261, 27.09036], [-13.43262, 27.09042]]], [[[-13.46857, 26.97059], [-13.4703, 26.96666], [-13.46957, 26.96836], [-13.46857, 26.97059]]], [[[-13.47703, 26.94883], [-13.4792, 26.93789], [-13.47812, 26.9479], [-13.47326, 26.96093], [-13.47703, 26.94883]]], [[[-13.49182, 26.89636], [-13.49111, 26.89761], [-13.49164, 26.89629], [-13.49182, 26.89636]]], [[[-13.49886, 26.87465], [-13.50319, 26.86571], [-13.49642, 26.88218], [-13.49886, 26.87465]]], [[[-13.5379, 26.79079], [-13.53619, 26.79349], [-13.53645, 26.79299], [-13.5379, 26.79079]]], [[[-13.53956, 26.78854], [-13.54174, 26.78644], [-13.54145, 26.78354], [-13.54194, 26.78276], [-13.54211, 26.7861], [-13.53956, 26.78854]]], [[[-13.54291, 26.78123], [-13.54339, 26.78092], [-13.542, 26.78255], [-13.54291, 26.78123]]], [[[-13.54634, 26.77485], [-13.54689, 26.77324], [-13.54718, 26.77321], [-13.54634, 26.77485]]], [[[-13.54723, 26.77244], [-13.54897, 26.76991], [-13.54736, 26.7723], [-13.54723, 26.77244]]], [[[-13.56019, 26.75169], [-13.56131, 26.75043], [-13.56003, 26.75248], [-13.56019, 26.75169]]], [[[-13.58194, 26.72428], [-13.57562, 26.73047], [-13.57829, 26.72772], [-13.58194, 26.72428]]], [[[-13.98139, 26.46948], [-13.97205, 26.47417], [-13.98039, 26.46983], [-13.98139, 26.46948]]], [[[-14.49562, 26.1143], [-14.4956, 26.11439], [-14.49551, 26.11445], [-14.49397, 26.11499], [-14.49395, 26.11496], [-14.49562, 26.1143]]], [[[-14.54435, 25.89316], [-14.54185, 25.8972], [-14.54315, 25.895], [-14.54435, 25.89316]]], [[[-14.66471, 25.67048], [-14.665, 25.67191], [-14.66462, 25.67098], [-14.66471, 25.67048]]], [[[-14.66866, 25.65805], [-14.67007, 25.65496], [-14.66929, 25.65748], [-14.66866, 25.65805]]], [[[-14.68356, 25.62122], [-14.67532, 25.64708], [-14.6751, 25.63759], [-14.68356, 25.62122]]], [[[-14.68455, 25.62022], [-14.68606, 25.61533], [-14.68602, 25.61796], [-14.68455, 25.62022]]], [[[-14.73965, 25.47826], [-14.74781, 25.47055], [-14.73205, 25.48664], [-14.73965, 25.47826]]], [[[-14.76634, 25.44897], [-14.76802, 25.44733], [-14.76522, 25.45054], [-14.76634, 25.44897]]], [[[-14.77426, 25.43977], [-14.77538, 25.438], [-14.77501, 25.43913], [-14.77233, 25.44221], [-14.77426, 25.43977]]], [[[-14.80142, 25.35343], [-14.80297, 25.35137], [-14.80102, 25.35537], [-14.80142, 25.35343]]], [[[-14.8308, 25.07709], [-14.82983, 25.07552], [-14.83284, 25.07812], [-14.83393, 25.07848], [-14.83524, 25.07963], [-14.8308, 25.07709]]], [[[-14.82729, 25.07339], [-14.82572, 25.07011], [-14.82037, 25.05745], [-14.81877, 25.0494], [-14.82729, 25.07339]]], [[[-14.83655, 25.08077], [-14.83594, 25.08018], [-14.83816, 25.08158], [-14.83655, 25.08077]]], [[[-14.83903, 25.10888], [-14.83912, 25.10848], [-14.8394, 25.10925], [-14.83903, 25.10888]]], [[[-14.84468, 25.19823], [-14.84438, 25.19612], [-14.84506, 25.1989], [-14.84499, 25.19924], [-14.84468, 25.19823]]], [[[-14.86184, 24.82376], [-14.86285, 24.82309], [-14.86177, 24.82409], [-14.86184, 24.82376]]], [[[-14.88275, 24.72179], [-14.88263, 24.7213], [-14.88266, 24.71944], [-14.88459, 24.71413], [-14.88159, 24.71064], [-14.88471, 24.7142], [-14.88275, 24.72179]]], [[[-14.88247, 24.70346], [-14.8826, 24.70622], [-14.88237, 24.7045], [-14.88247, 24.70346]]], [[[-14.88441, 24.73504], [-14.88454, 24.72528], [-14.8845, 24.72926], [-14.88441, 24.73504]]], [[[-14.88726, 24.6967], [-14.88608, 24.69796], [-14.88696, 24.697], [-14.88726, 24.6967]]], [[[-14.88682, 24.74274], [-14.88722, 24.74226], [-14.88694, 24.74303], [-14.88682, 24.74274]]], [[[-14.90065, 24.68628], [-14.89364, 24.69051], [-14.89966, 24.68662], [-14.90065, 24.68628]]], [[[-16.47256, 22.37035], [-16.47315, 22.36945], [-16.47219, 22.37106], [-16.47256, 22.37035]]], [[[-16.4824, 22.35679], [-16.4829, 22.35626], [-16.4755, 22.36584], [-16.4824, 22.35679]]], [[[-16.49296, 22.34427], [-16.49436, 22.34087], [-16.49349, 22.34302], [-16.49296, 22.34427]]], [[[-16.50964, 22.31284], [-16.51122, 22.31179], [-16.50851, 22.3143], [-16.50092, 22.31905], [-16.50964, 22.31284]]], [[[-16.53089, 22.29995], [-16.51318, 22.31058], [-16.52037, 22.30595], [-16.53089, 22.29995]]], [[[-16.53876, 22.29513], [-16.54912, 22.29023], [-16.54607, 22.2919], [-16.53876, 22.29513]]], [[[-16.57702, 22.27996], [-16.56263, 22.28499], [-16.57585, 22.28022], [-16.57702, 22.27996]]], [[[-16.61497, 22.26924], [-16.63674, 22.26844], [-16.58371, 22.2778], [-16.61497, 22.26924]]], [[[-16.77631, 22.17536], [-16.78157, 22.17209], [-16.78822, 22.16883], [-16.77029, 22.18197], [-16.77631, 22.17536]]], [[[-16.85402, 22.03868], [-16.85509, 22.03687], [-16.85394, 22.03901], [-16.85402, 22.03868]]], [[[-16.86093, 22.02808], [-16.86051, 22.02927], [-16.85871, 22.03214], [-16.86093, 22.02808]]], [[[-16.86671, 22.01195], [-16.86911, 22.00884], [-16.86925, 22.00618], [-16.87097, 22.00285], [-16.87192, 21.99662], [-16.87165, 22.0016], [-16.86926, 22.00909], [-16.86255, 22.02332], [-16.86671, 22.01195]]], [[[-16.87186, 21.99031], [-16.87549, 21.98503], [-16.87161, 21.99529], [-16.87186, 21.99031]]], [[[-16.87671, 21.98337], [-16.87737, 21.9826], [-16.87606, 21.98426], [-16.87671, 21.98337]]], [[[-16.87906, 21.97939], [-16.87933, 21.97236], [-16.8794, 21.97828], [-16.87906, 21.97939]]], [[[-16.8907, 21.95179], [-16.8884, 21.95501], [-16.88914, 21.95391], [-16.8907, 21.95179]]], [[[-16.89113, 21.95118], [-16.89782, 21.93701], [-16.89646, 21.94303], [-16.89113, 21.95118]]], [[[-16.89518, 21.91454], [-16.89562, 21.91268], [-16.89874, 21.90294], [-16.90038, 21.89927], [-16.89518, 21.91454]]], [[[-16.91845, 21.87005], [-16.92299, 21.86496], [-16.91364, 21.87596], [-16.91845, 21.87005]]], [[[-16.95749, 21.773], [-16.95526, 21.77229], [-16.95247, 21.76987], [-16.9501, 21.76187], [-16.95749, 21.773]]], [[[-16.96087, 21.74149], [-16.95613, 21.74772], [-16.95983, 21.74285], [-16.96087, 21.74149]]], [[[-16.96655, 21.73409], [-16.96406, 21.73733], [-16.96545, 21.7355], [-16.96655, 21.73409]]], [[[-16.97928, 21.62829], [-16.97802, 21.6302], [-16.97874, 21.62906], [-16.97928, 21.62829]]], [[[-16.98711, 21.54006], [-16.98922, 21.53618], [-16.9876, 21.54074], [-16.98711, 21.54006]]], [[[-16.99257, 21.5037], [-16.99345, 21.50556], [-16.99247, 21.50461], [-16.99257, 21.5037]]], [[[-16.99296, 21.49839], [-16.99297, 21.50105], [-16.99262, 21.4998], [-16.99296, 21.49839]]], [[[-17.00181, 21.46998], [-17.00161, 21.4697], [-17.00212, 21.4703], [-17.00181, 21.46998]]], [[[-17.00184, 21.46979], [-17.0021, 21.46824], [-17.00245, 21.4677], [-17.00184, 21.46979]]], [[[-17.00282, 21.46307], [-17.00433, 21.45843], [-17.00541, 21.45665], [-17.00282, 21.46307]]], [[[-17.01046, 21.44089], [-17.01085, 21.43856], [-17.01088, 21.43573], [-17.01151, 21.42973], [-17.01273, 21.42502], [-17.0131, 21.42432], [-17.01279, 21.42394], [-17.01316, 21.42163], [-17.01353, 21.42132], [-17.01049, 21.44447], [-17.00557, 21.45653], [-17.01046, 21.44089]]], [[[-17.0135, 21.42104], [-17.01344, 21.41982], [-17.01366, 21.41857], [-17.01314, 21.41818], [-17.01313, 21.41603], [-17.01228, 21.41497], [-17.01271, 21.40727], [-17.01241, 21.41498], [-17.01297, 21.41511], [-17.01335, 21.41656], [-17.01321, 21.41798], [-17.01376, 21.41859], [-17.0135, 21.42104]]], [[[-17.01308, 21.40147], [-17.01332, 21.39972], [-17.01309, 21.40297], [-17.01308, 21.40147]]], [[[-17.01499, 21.39273], [-17.01469, 21.39128], [-17.01516, 21.3896], [-17.01537, 21.39411], [-17.01324, 21.39849], [-17.01499, 21.39273]]], [[[-17.02094, 21.37497], [-17.02201, 21.37304], [-17.01989, 21.37762], [-17.02094, 21.37497]]], [[[-17.02426, 21.36645], [-17.02513, 21.36524], [-17.02241, 21.37205], [-17.02426, 21.36645]]], [[[-17.02609, 21.35438], [-17.02763, 21.35111], [-17.02616, 21.35429], [-17.02609, 21.35438]]]]}}]}